This file contains any messages produced by compilers while
running configure, to aid debugging if configure makes a mistake.

It was created by configure, which was
generated by GNU Autoconf 2.68.  Invocation command line was

  $ ./configure --host=arm-unknown-nto-qnx8.0.0eabi --without-x --enable-pthreads --enable-video-playbook

## --------- ##
## Platform. ##
## --------- ##

hostname = 62a8cb791801
uname -m = x86_64
uname -r = 6.12.69-linuxkit
uname -s = Linux
uname -v = #1 SMP Mon Feb 16 11:19:06 UTC 2026

/usr/bin/uname -p = unknown
/bin/uname -X     = unknown

/bin/arch              = unknown
/usr/bin/arch -k       = unknown
/usr/convex/getsysinfo = unknown
/usr/bin/hostinfo      = unknown
/bin/machine           = unknown
/usr/bin/oslevel       = unknown
/bin/universe          = unknown

PATH: /home/admin/bin/bbndk/host_10_3_1_12/linux/x86/usr/bin
PATH: /home/admin/.rim/bbndk/bin
PATH: /home/admin/bin/bbndk/features/com.qnx.tools.jre.linux.x86_64_1.7.0.51/jre/bin
PATH: /home/admin/bin/bbndk/host_10_3_1_12/linux/x86/usr/python32/bin
PATH: /usr/local/sbin
PATH: /usr/local/bin
PATH: /usr/sbin
PATH: /usr/bin
PATH: /sbin
PATH: /bin


## ----------- ##
## Core tests. ##
## ----------- ##

configure:2881: checking for arm-unknown-nto-qnx8.0.0eabi-gcc
configure:2897: found /home/admin/bin/bbndk/host_10_3_1_12/linux/x86/usr/bin/arm-unknown-nto-qnx8.0.0eabi-gcc
configure:2908: result: arm-unknown-nto-qnx8.0.0eabi-gcc
configure:3177: checking for C compiler version
configure:3186: arm-unknown-nto-qnx8.0.0eabi-gcc --version >&5
arm-unknown-nto-qnx8.0.0eabi-gcc (GCC) 4.6.3
Copyright (C) 2011 Free Software Foundation, Inc.
This is free software; see the source for copying conditions.  There is NO
warranty; not even for MERCHANTABILITY or FITNESS FOR A PARTICULAR PURPOSE.

configure:3197: $? = 0
configure:3186: arm-unknown-nto-qnx8.0.0eabi-gcc -v >&5
Using built-in specs.
COLLECT_GCC=arm-unknown-nto-qnx8.0.0eabi-gcc
COLLECT_LTO_WRAPPER=/home/admin/bin/bbndk/host_10_3_1_12/linux/x86/usr/lib/gcc/arm-unknown-nto-qnx8.0.0eabi/4.6.3/lto-wrapper
Target: arm-unknown-nto-qnx8.0.0eabi
Configured with: ../configure --srcdir=.. --build=i686-pc-linux-gnu --enable-cheaders=c --with-as=ntoarm-as --with-ld=ntoarm-ld --with-sysroot=/opt/qnx800/target/qnx6/ --disable-werror --libdir=/opt/qnx800/host/linux/x86/usr/lib --libexecdir=/opt/qnx800/host/linux/x86/usr/lib --target=arm-unknown-nto-qnx8.0.0eabi --prefix=/opt/qnx800/host/linux/x86/usr --exec-prefix=/opt/qnx800/host/linux/x86/usr --with-local-prefix=/opt/qnx800/host/linux/x86/usr --enable-languages=c++ --enable-threads=posix --disable-nls --disable-libssp --disable-tls --disable-libstdcxx-pch --enable-libmudflap --enable-__cxa_atexit --with-gxx-include-dir=/opt/qnx800/target/qnx6/usr/include/c++/4.6.3 --enable-shared --enable-multilib --with-bugurl=http://www.qnx.com --enable-gnu-indirect-function --enable-stack-protector --with-arch=armv7-a --with-float=softfp --with-fpu=vfpv3-d16 --with-mode=thumb CC=i686-unknown-linux-gnu-gcc LDFLAGS='-Wl,-s ' AUTOMAKE=: AUTOCONF=: AUTOHEADER=: AUTORECONF=: ACLOCAL=:
Thread model: posix
gcc version 4.6.3 (GCC) 
configure:3197: $? = 0
configure:3186: arm-unknown-nto-qnx8.0.0eabi-gcc -V >&5
arm-unknown-nto-qnx8.0.0eabi-gcc: error: unrecognized option '-V'
arm-unknown-nto-qnx8.0.0eabi-gcc: fatal error: no input files
compilation terminated.
configure:3197: $? = 1
configure:3186: arm-unknown-nto-qnx8.0.0eabi-gcc -qversion >&5
arm-unknown-nto-qnx8.0.0eabi-gcc: error: unrecognized option '-qversion'
arm-unknown-nto-qnx8.0.0eabi-gcc: fatal error: no input files
compilation terminated.
configure:3197: $? = 1
configure:3217: checking whether the C compiler works
configure:3239: arm-unknown-nto-qnx8.0.0eabi-gcc -g -O2 -D__PLAYBOOK__ -D__QNXNTO__ -DRAW_KEYBOARD_EVENTS -I/work/TouchControlOverlay/public -L/work/external/lib -lscreen -lbps -lasound -lm -lEGL -lGLESv2 -lTouchControlOverlay conftest.c  >&5
configure:3243: $? = 0
configure:3291: result: yes
configure:3294: checking for C compiler default output file name
configure:3296: result: a.out
configure:3302: checking for suffix of executables
configure:3309: arm-unknown-nto-qnx8.0.0eabi-gcc -o conftest -g -O2 -D__PLAYBOOK__ -D__QNXNTO__ -DRAW_KEYBOARD_EVENTS -I/work/TouchControlOverlay/public -L/work/external/lib -lscreen -lbps -lasound -lm -lEGL -lGLESv2 -lTouchControlOverlay conftest.c  >&5
configure:3313: $? = 0
configure:3335: result: 
configure:3357: checking whether we are cross compiling
configure:3365: arm-unknown-nto-qnx8.0.0eabi-gcc -o conftest -g -O2 -D__PLAYBOOK__ -D__QNXNTO__ -DRAW_KEYBOARD_EVENTS -I/work/TouchControlOverlay/public -L/work/external/lib -lscreen -lbps -lasound -lm -lEGL -lGLESv2 -lTouchControlOverlay conftest.c  >&5
configure:3369: $? = 0
configure:3376: ./conftest
qemu-arm: Could not open '/usr/lib/ldqnx.so.2': No such file or directory
configure:3380: $? = 255
configure:3395: result: yes
configure:3400: checking for suffix of object files
configure:3422: arm-unknown-nto-qnx8.0.0eabi-gcc -c -g -O2 -D__PLAYBOOK__ -D__QNXNTO__ -DRAW_KEYBOARD_EVENTS -I/work/TouchControlOverlay/public conftest.c >&5
configure:3426: $? = 0
configure:3447: result: o
configure:3451: checking whether we are using the GNU C compiler
configure:3470: arm-unknown-nto-qnx8.0.0eabi-gcc -c -g -O2 -D__PLAYBOOK__ -D__QNXNTO__ -DRAW_KEYBOARD_EVENTS -I/work/TouchControlOverlay/public conftest.c >&5
configure:3470: $? = 0
configure:3479: result: yes
configure:3488: checking whether arm-unknown-nto-qnx8.0.0eabi-gcc accepts -g
configure:3508: arm-unknown-nto-qnx8.0.0eabi-gcc -c -g -D__PLAYBOOK__ -D__QNXNTO__ -DRAW_KEYBOARD_EVENTS -I/work/TouchControlOverlay/public conftest.c >&5
configure:3508: $? = 0
configure:3549: result: yes
configure:3566: checking for arm-unknown-nto-qnx8.0.0eabi-gcc option to accept ISO C89
configure:3630: arm-unknown-nto-qnx8.0.0eabi-gcc  -c -g -O2 -D__PLAYBOOK__ -D__QNXNTO__ -DRAW_KEYBOARD_EVENTS -I/work/TouchControlOverlay/public conftest.c >&5
configure:3630: $? = 0
configure:3643: result: none needed
configure:3669: checking how to run the C preprocessor
configure:3700: arm-unknown-nto-qnx8.0.0eabi-gcc -E -D__PLAYBOOK__ -D__QNXNTO__ -DRAW_KEYBOARD_EVENTS -I/work/TouchControlOverlay/public conftest.c
configure:3700: $? = 0
configure:3714: arm-unknown-nto-qnx8.0.0eabi-gcc -E -D__PLAYBOOK__ -D__QNXNTO__ -DRAW_KEYBOARD_EVENTS -I/work/TouchControlOverlay/public conftest.c
conftest.c:9:28: fatal error: ac_nonexistent.h: No such file or directory
compilation terminated.
configure:3714: $? = 1
configure: failed program was:
| /* confdefs.h */
| #define PACKAGE_NAME ""
| #define PACKAGE_TARNAME ""
| #define PACKAGE_VERSION ""
| #define PACKAGE_STRING ""
| #define PACKAGE_BUGREPORT ""
| #define PACKAGE_URL ""
| /* end confdefs.h.  */
| #include <ac_nonexistent.h>
configure:3739: result: arm-unknown-nto-qnx8.0.0eabi-gcc -E
configure:3759: arm-unknown-nto-qnx8.0.0eabi-gcc -E -D__PLAYBOOK__ -D__QNXNTO__ -DRAW_KEYBOARD_EVENTS -I/work/TouchControlOverlay/public conftest.c
configure:3759: $? = 0
configure:3773: arm-unknown-nto-qnx8.0.0eabi-gcc -E -D__PLAYBOOK__ -D__QNXNTO__ -DRAW_KEYBOARD_EVENTS -I/work/TouchControlOverlay/public conftest.c
conftest.c:9:28: fatal error: ac_nonexistent.h: No such file or directory
compilation terminated.
configure:3773: $? = 1
configure: failed program was:
| /* confdefs.h */
| #define PACKAGE_NAME ""
| #define PACKAGE_TARNAME ""
| #define PACKAGE_VERSION ""
| #define PACKAGE_STRING ""
| #define PACKAGE_BUGREPORT ""
| #define PACKAGE_URL ""
| /* end confdefs.h.  */
| #include <ac_nonexistent.h>
configure:3802: checking for grep that handles long lines and -e
configure:3860: result: /bin/grep
configure:3865: checking for egrep
configure:3927: result: /bin/grep -E
configure:3932: checking for ANSI C header files
configure:3952: arm-unknown-nto-qnx8.0.0eabi-gcc -c -g -O2 -D__PLAYBOOK__ -D__QNXNTO__ -DRAW_KEYBOARD_EVENTS -I/work/TouchControlOverlay/public conftest.c >&5
configure:3952: $? = 0
configure:4036: result: yes
configure:4049: checking for sys/types.h
configure:4049: arm-unknown-nto-qnx8.0.0eabi-gcc -c -g -O2 -D__PLAYBOOK__ -D__QNXNTO__ -DRAW_KEYBOARD_EVENTS -I/work/TouchControlOverlay/public conftest.c >&5
configure:4049: $? = 0
configure:4049: result: yes
configure:4049: checking for sys/stat.h
configure:4049: arm-unknown-nto-qnx8.0.0eabi-gcc -c -g -O2 -D__PLAYBOOK__ -D__QNXNTO__ -DRAW_KEYBOARD_EVENTS -I/work/TouchControlOverlay/public conftest.c >&5
configure:4049: $? = 0
configure:4049: result: yes
configure:4049: checking for stdlib.h
configure:4049: arm-unknown-nto-qnx8.0.0eabi-gcc -c -g -O2 -D__PLAYBOOK__ -D__QNXNTO__ -DRAW_KEYBOARD_EVENTS -I/work/TouchControlOverlay/public conftest.c >&5
configure:4049: $? = 0
configure:4049: result: yes
configure:4049: checking for string.h
configure:4049: arm-unknown-nto-qnx8.0.0eabi-gcc -c -g -O2 -D__PLAYBOOK__ -D__QNXNTO__ -DRAW_KEYBOARD_EVENTS -I/work/TouchControlOverlay/public conftest.c >&5
configure:4049: $? = 0
configure:4049: result: yes
configure:4049: checking for memory.h
configure:4049: arm-unknown-nto-qnx8.0.0eabi-gcc -c -g -O2 -D__PLAYBOOK__ -D__QNXNTO__ -DRAW_KEYBOARD_EVENTS -I/work/TouchControlOverlay/public conftest.c >&5
configure:4049: $? = 0
configure:4049: result: yes
configure:4049: checking for strings.h
configure:4049: arm-unknown-nto-qnx8.0.0eabi-gcc -c -g -O2 -D__PLAYBOOK__ -D__QNXNTO__ -DRAW_KEYBOARD_EVENTS -I/work/TouchControlOverlay/public conftest.c >&5
configure:4049: $? = 0
configure:4049: result: yes
configure:4049: checking for inttypes.h
configure:4049: arm-unknown-nto-qnx8.0.0eabi-gcc -c -g -O2 -D__PLAYBOOK__ -D__QNXNTO__ -DRAW_KEYBOARD_EVENTS -I/work/TouchControlOverlay/public conftest.c >&5
configure:4049: $? = 0
configure:4049: result: yes
configure:4049: checking for stdint.h
configure:4049: arm-unknown-nto-qnx8.0.0eabi-gcc -c -g -O2 -D__PLAYBOOK__ -D__QNXNTO__ -DRAW_KEYBOARD_EVENTS -I/work/TouchControlOverlay/public conftest.c >&5
configure:4049: $? = 0
configure:4049: result: yes
configure:4049: checking for unistd.h
configure:4049: arm-unknown-nto-qnx8.0.0eabi-gcc -c -g -O2 -D__PLAYBOOK__ -D__QNXNTO__ -DRAW_KEYBOARD_EVENTS -I/work/TouchControlOverlay/public conftest.c >&5
configure:4049: $? = 0
configure:4049: result: yes
configure:4062: checking minix/config.h usability
configure:4062: arm-unknown-nto-qnx8.0.0eabi-gcc -c -g -O2 -D__PLAYBOOK__ -D__QNXNTO__ -DRAW_KEYBOARD_EVENTS -I/work/TouchControlOverlay/public conftest.c >&5
conftest.c:52:26: fatal error: minix/config.h: No such file or directory
compilation terminated.
configure:4062: $? = 1
configure: failed program was:
| /* confdefs.h */
| #define PACKAGE_NAME ""
| #define PACKAGE_TARNAME ""
| #define PACKAGE_VERSION ""
| #define PACKAGE_STRING ""
| #define PACKAGE_BUGREPORT ""
| #define PACKAGE_URL ""
| #define STDC_HEADERS 1
| #define HAVE_SYS_TYPES_H 1
| #define HAVE_SYS_STAT_H 1
| #define HAVE_STDLIB_H 1
| #define HAVE_STRING_H 1
| #define HAVE_MEMORY_H 1
| #define HAVE_STRINGS_H 1
| #define HAVE_INTTYPES_H 1
| #define HAVE_STDINT_H 1
| #define HAVE_UNISTD_H 1
| /* end confdefs.h.  */
| #include <stdio.h>
| #ifdef HAVE_SYS_TYPES_H
| # include <sys/types.h>
| #endif
| #ifdef HAVE_SYS_STAT_H
| # include <sys/stat.h>
| #endif
| #ifdef STDC_HEADERS
| # include <stdlib.h>
| # include <stddef.h>
| #else
| # ifdef HAVE_STDLIB_H
| #  include <stdlib.h>
| # endif
| #endif
| #ifdef HAVE_STRING_H
| # if !defined STDC_HEADERS && defined HAVE_MEMORY_H
| #  include <memory.h>
| # endif
| # include <string.h>
| #endif
| #ifdef HAVE_STRINGS_H
| # include <strings.h>
| #endif
| #ifdef HAVE_INTTYPES_H
| # include <inttypes.h>
| #endif
| #ifdef HAVE_STDINT_H
| # include <stdint.h>
| #endif
| #ifdef HAVE_UNISTD_H
| # include <unistd.h>
| #endif
| #include <minix/config.h>
configure:4062: result: no
configure:4062: checking minix/config.h presence
configure:4062: arm-unknown-nto-qnx8.0.0eabi-gcc -E -D__PLAYBOOK__ -D__QNXNTO__ -DRAW_KEYBOARD_EVENTS -I/work/TouchControlOverlay/public conftest.c
conftest.c:19:26: fatal error: minix/config.h: No such file or directory
compilation terminated.
configure:4062: $? = 1
configure: failed program was:
| /* confdefs.h */
| #define PACKAGE_NAME ""
| #define PACKAGE_TARNAME ""
| #define PACKAGE_VERSION ""
| #define PACKAGE_STRING ""
| #define PACKAGE_BUGREPORT ""
| #define PACKAGE_URL ""
| #define STDC_HEADERS 1
| #define HAVE_SYS_TYPES_H 1
| #define HAVE_SYS_STAT_H 1
| #define HAVE_STDLIB_H 1
| #define HAVE_STRING_H 1
| #define HAVE_MEMORY_H 1
| #define HAVE_STRINGS_H 1
| #define HAVE_INTTYPES_H 1
| #define HAVE_STDINT_H 1
| #define HAVE_UNISTD_H 1
| /* end confdefs.h.  */
| #include <minix/config.h>
configure:4062: result: no
configure:4062: checking for minix/config.h
configure:4062: result: no
configure:4083: checking whether it is safe to define __EXTENSIONS__
configure:4101: arm-unknown-nto-qnx8.0.0eabi-gcc -c -g -O2 -D__PLAYBOOK__ -D__QNXNTO__ -DRAW_KEYBOARD_EVENTS -I/work/TouchControlOverlay/public conftest.c >&5
configure:4101: $? = 0
configure:4108: result: yes
configure:4206: checking build system type
configure:4220: result: x86_64-unknown-linux-gnu
configure:4240: checking host system type
configure:4253: result: arm-unknown-nto-qnx8.0.0eabi
configure:4273: checking for a sed that does not truncate output
configure:4337: result: /bin/sed
configure:4355: checking for fgrep
configure:4417: result: /bin/grep -F
configure:4452: checking for ld used by arm-unknown-nto-qnx8.0.0eabi-gcc
configure:4519: result: /home/admin/bin/bbndk/host_10_3_1_12/linux/x86/usr/bin/ntoarm-ld
configure:4526: checking if the linker (/home/admin/bin/bbndk/host_10_3_1_12/linux/x86/usr/bin/ntoarm-ld) is GNU ld
configure:4541: result: yes
configure:4553: checking for BSD- or MS-compatible name lister (nm)
configure:4602: result: /home/admin/bin/bbndk/host_10_3_1_12/linux/x86/usr/bin/arm-unknown-nto-qnx8.0.0eabi-nm -B
configure:4720: checking the name lister (/home/admin/bin/bbndk/host_10_3_1_12/linux/x86/usr/bin/arm-unknown-nto-qnx8.0.0eabi-nm -B) interface
configure:4727: arm-unknown-nto-qnx8.0.0eabi-gcc -c -g -O2 -D__PLAYBOOK__ -D__QNXNTO__ -DRAW_KEYBOARD_EVENTS -I/work/TouchControlOverlay/public conftest.c >&5
configure:4730: /home/admin/bin/bbndk/host_10_3_1_12/linux/x86/usr/bin/arm-unknown-nto-qnx8.0.0eabi-nm -B "conftest.o"
configure:4733: output
00000000 B some_variable
configure:4740: result: BSD nm
configure:4743: checking whether ln -s works
configure:4747: result: yes
configure:4755: checking the maximum length of command line arguments
configure:4881: result: 1572864
configure:4898: checking whether the shell understands some XSI constructs
configure:4908: result: yes
configure:4912: checking whether the shell understands "+="
configure:4918: result: yes
configure:4953: checking for /home/admin/bin/bbndk/host_10_3_1_12/linux/x86/usr/bin/ntoarm-ld option to reload object files
configure:4960: result: -r
configure:4989: checking for arm-unknown-nto-qnx8.0.0eabi-objdump
configure:5005: found /home/admin/bin/bbndk/host_10_3_1_12/linux/x86/usr/bin/arm-unknown-nto-qnx8.0.0eabi-objdump
configure:5016: result: arm-unknown-nto-qnx8.0.0eabi-objdump
configure:5085: checking how to recognize dependent libraries
configure:5283: result: pass_all
configure:5303: checking for arm-unknown-nto-qnx8.0.0eabi-ar
configure:5319: found /home/admin/bin/bbndk/host_10_3_1_12/linux/x86/usr/bin/arm-unknown-nto-qnx8.0.0eabi-ar
configure:5330: result: arm-unknown-nto-qnx8.0.0eabi-ar
configure:5408: checking for arm-unknown-nto-qnx8.0.0eabi-strip
configure:5424: found /home/admin/bin/bbndk/host_10_3_1_12/linux/x86/usr/bin/arm-unknown-nto-qnx8.0.0eabi-strip
configure:5435: result: arm-unknown-nto-qnx8.0.0eabi-strip
configure:5507: checking for arm-unknown-nto-qnx8.0.0eabi-ranlib
configure:5523: found /home/admin/bin/bbndk/host_10_3_1_12/linux/x86/usr/bin/arm-unknown-nto-qnx8.0.0eabi-ranlib
configure:5534: result: arm-unknown-nto-qnx8.0.0eabi-ranlib
configure:5664: checking command to parse /home/admin/bin/bbndk/host_10_3_1_12/linux/x86/usr/bin/arm-unknown-nto-qnx8.0.0eabi-nm -B output from arm-unknown-nto-qnx8.0.0eabi-gcc object
configure:5782: arm-unknown-nto-qnx8.0.0eabi-gcc -c -g -O2 -D__PLAYBOOK__ -D__QNXNTO__ -DRAW_KEYBOARD_EVENTS -I/work/TouchControlOverlay/public conftest.c >&5
configure:5785: $? = 0
configure:5789: /home/admin/bin/bbndk/host_10_3_1_12/linux/x86/usr/bin/arm-unknown-nto-qnx8.0.0eabi-nm -B conftest.o \| sed -n -e 's/^.*[	 ]\([ABCDGIRSTW][ABCDGIRSTW]*\)[	 ][	 ]*\([_A-Za-z][_A-Za-z0-9]*\)$/\1 \2 \2/p' \> conftest.nm
configure:5792: $? = 0
configure:5846: arm-unknown-nto-qnx8.0.0eabi-gcc -o conftest -g -O2 -D__PLAYBOOK__ -D__QNXNTO__ -DRAW_KEYBOARD_EVENTS -I/work/TouchControlOverlay/public -L/work/external/lib -lscreen -lbps -lasound -lm -lEGL -lGLESv2 -lTouchControlOverlay conftest.c conftstm.o >&5
configure:5849: $? = 0
configure:5887: result: ok
configure:6692: checking for dlfcn.h
configure:6692: arm-unknown-nto-qnx8.0.0eabi-gcc -c -g -O2 -D__PLAYBOOK__ -D__QNXNTO__ -DRAW_KEYBOARD_EVENTS -I/work/TouchControlOverlay/public conftest.c >&5
configure:6692: $? = 0
configure:6692: result: yes
configure:7174: checking for objdir
configure:7189: result: .libs
configure:7485: checking if arm-unknown-nto-qnx8.0.0eabi-gcc supports -fno-rtti -fno-exceptions
configure:7503: arm-unknown-nto-qnx8.0.0eabi-gcc -c -g -O2 -D__PLAYBOOK__ -D__QNXNTO__ -DRAW_KEYBOARD_EVENTS -I/work/TouchControlOverlay/public -fno-rtti -fno-exceptions conftest.c >&5
cc1: warning: command line option '-fno-rtti' is valid for C++/ObjC++ but not for C [enabled by default]
configure:7507: $? = 0
configure:7520: result: no
configure:7540: checking for arm-unknown-nto-qnx8.0.0eabi-gcc option to produce PIC
configure:7812: result: -fPIC -shared -DPIC
configure:7824: checking if arm-unknown-nto-qnx8.0.0eabi-gcc PIC flag -fPIC -shared -DPIC works
configure:7842: arm-unknown-nto-qnx8.0.0eabi-gcc -c -g -O2 -D__PLAYBOOK__ -D__QNXNTO__ -DRAW_KEYBOARD_EVENTS -I/work/TouchControlOverlay/public -fPIC -shared -DPIC -DPIC conftest.c >&5
configure:7846: $? = 0
configure:7859: result: yes
configure:7883: checking if arm-unknown-nto-qnx8.0.0eabi-gcc static flag -static works
configure:7911: result: no
configure:7926: checking if arm-unknown-nto-qnx8.0.0eabi-gcc supports -c -o file.o
configure:7947: arm-unknown-nto-qnx8.0.0eabi-gcc -c -g -O2 -D__PLAYBOOK__ -D__QNXNTO__ -DRAW_KEYBOARD_EVENTS -I/work/TouchControlOverlay/public -o out/conftest2.o conftest.c >&5
configure:7951: $? = 0
configure:7973: result: yes
configure:7981: checking if arm-unknown-nto-qnx8.0.0eabi-gcc supports -c -o file.o
configure:8028: result: yes
configure:8061: checking whether the arm-unknown-nto-qnx8.0.0eabi-gcc linker (/home/admin/bin/bbndk/host_10_3_1_12/linux/x86/usr/bin/ntoarm-ld) supports shared libraries
configure:9047: result: yes
configure:9084: checking whether -lc should be explicitly linked in
configure:9089: arm-unknown-nto-qnx8.0.0eabi-gcc -c -g -O2 -D__PLAYBOOK__ -D__QNXNTO__ -DRAW_KEYBOARD_EVENTS -I/work/TouchControlOverlay/public conftest.c >&5
configure:9092: $? = 0
configure:9107: arm-unknown-nto-qnx8.0.0eabi-gcc -shared conftest.o  -v -Wl,-soname -Wl,conftest -o conftest 2\>\&1 \| /bin/grep  -lc  \>/dev/null 2\>\&1
configure:9110: $? = 0
configure:9122: result: no
configure:9286: checking dynamic linker characteristics
configure:9939: result: ldqnx.so
configure:10041: checking how to hardcode library paths into programs
configure:10066: result: immediate
configure:10586: checking whether stripping libraries is possible
configure:10591: result: yes
configure:10626: checking if libtool supports shared libraries
configure:10628: result: yes
configure:10631: checking whether to build shared libraries
configure:10652: result: yes
configure:10655: checking whether to build static libraries
configure:10659: result: yes
configure:10735: checking whether byte ordering is bigendian
configure:10750: arm-unknown-nto-qnx8.0.0eabi-gcc -c -g -O2 -D__PLAYBOOK__ -D__QNXNTO__ -DRAW_KEYBOARD_EVENTS -I/work/TouchControlOverlay/public conftest.c >&5
conftest.c:27:9: error: unknown type name 'not'
conftest.c:27:15: error: expected '=', ',', ';', 'asm' or '__attribute__' before 'universal'
conftest.c:27:15: error: unknown type name 'universal'
configure:10750: $? = 1
configure: failed program was:
| /* confdefs.h */
| #define PACKAGE_NAME ""
| #define PACKAGE_TARNAME ""
| #define PACKAGE_VERSION ""
| #define PACKAGE_STRING ""
| #define PACKAGE_BUGREPORT ""
| #define PACKAGE_URL ""
| #define STDC_HEADERS 1
| #define HAVE_SYS_TYPES_H 1
| #define HAVE_SYS_STAT_H 1
| #define HAVE_STDLIB_H 1
| #define HAVE_STRING_H 1
| #define HAVE_MEMORY_H 1
| #define HAVE_STRINGS_H 1
| #define HAVE_INTTYPES_H 1
| #define HAVE_STDINT_H 1
| #define HAVE_UNISTD_H 1
| #define __EXTENSIONS__ 1
| #define _ALL_SOURCE 1
| #define _GNU_SOURCE 1
| #define _POSIX_PTHREAD_SEMANTICS 1
| #define _TANDEM_SOURCE 1
| #define HAVE_DLFCN_H 1
| #define LT_OBJDIR ".libs/"
| /* end confdefs.h.  */
| #ifndef __APPLE_CC__
| 	       not a universal capable compiler
| 	     #endif
| 	     typedef int dummy;
| 
configure:10795: arm-unknown-nto-qnx8.0.0eabi-gcc -c -g -O2 -D__PLAYBOOK__ -D__QNXNTO__ -DRAW_KEYBOARD_EVENTS -I/work/TouchControlOverlay/public conftest.c >&5
configure:10795: $? = 0
configure:10813: arm-unknown-nto-qnx8.0.0eabi-gcc -c -g -O2 -D__PLAYBOOK__ -D__QNXNTO__ -DRAW_KEYBOARD_EVENTS -I/work/TouchControlOverlay/public conftest.c >&5
conftest.c: In function 'main':
conftest.c:33:4: error: unknown type name 'not'
conftest.c:33:12: error: expected '=', ',', ';', 'asm' or '__attribute__' before 'endian'
configure:10813: $? = 1
configure: failed program was:
| /* confdefs.h */
| #define PACKAGE_NAME ""
| #define PACKAGE_TARNAME ""
| #define PACKAGE_VERSION ""
| #define PACKAGE_STRING ""
| #define PACKAGE_BUGREPORT ""
| #define PACKAGE_URL ""
| #define STDC_HEADERS 1
| #define HAVE_SYS_TYPES_H 1
| #define HAVE_SYS_STAT_H 1
| #define HAVE_STDLIB_H 1
| #define HAVE_STRING_H 1
| #define HAVE_MEMORY_H 1
| #define HAVE_STRINGS_H 1
| #define HAVE_INTTYPES_H 1
| #define HAVE_STDINT_H 1
| #define HAVE_UNISTD_H 1
| #define __EXTENSIONS__ 1
| #define _ALL_SOURCE 1
| #define _GNU_SOURCE 1
| #define _POSIX_PTHREAD_SEMANTICS 1
| #define _TANDEM_SOURCE 1
| #define HAVE_DLFCN_H 1
| #define LT_OBJDIR ".libs/"
| /* end confdefs.h.  */
| #include <sys/types.h>
| 		#include <sys/param.h>
| 
| int
| main ()
| {
| #if BYTE_ORDER != BIG_ENDIAN
| 		 not big endian
| 		#endif
| 
|   ;
|   return 0;
| }
configure:10941: result: no
configure:10976: checking for arm-unknown-nto-qnx8.0.0eabi-gcc
configure:11003: result: arm-unknown-nto-qnx8.0.0eabi-gcc
configure:11272: checking for C compiler version
configure:11281: arm-unknown-nto-qnx8.0.0eabi-gcc --version >&5
arm-unknown-nto-qnx8.0.0eabi-gcc (GCC) 4.6.3
Copyright (C) 2011 Free Software Foundation, Inc.
This is free software; see the source for copying conditions.  There is NO
warranty; not even for MERCHANTABILITY or FITNESS FOR A PARTICULAR PURPOSE.

configure:11292: $? = 0
configure:11281: arm-unknown-nto-qnx8.0.0eabi-gcc -v >&5
Using built-in specs.
COLLECT_GCC=arm-unknown-nto-qnx8.0.0eabi-gcc
COLLECT_LTO_WRAPPER=/home/admin/bin/bbndk/host_10_3_1_12/linux/x86/usr/lib/gcc/arm-unknown-nto-qnx8.0.0eabi/4.6.3/lto-wrapper
Target: arm-unknown-nto-qnx8.0.0eabi
Configured with: ../configure --srcdir=.. --build=i686-pc-linux-gnu --enable-cheaders=c --with-as=ntoarm-as --with-ld=ntoarm-ld --with-sysroot=/opt/qnx800/target/qnx6/ --disable-werror --libdir=/opt/qnx800/host/linux/x86/usr/lib --libexecdir=/opt/qnx800/host/linux/x86/usr/lib --target=arm-unknown-nto-qnx8.0.0eabi --prefix=/opt/qnx800/host/linux/x86/usr --exec-prefix=/opt/qnx800/host/linux/x86/usr --with-local-prefix=/opt/qnx800/host/linux/x86/usr --enable-languages=c++ --enable-threads=posix --disable-nls --disable-libssp --disable-tls --disable-libstdcxx-pch --enable-libmudflap --enable-__cxa_atexit --with-gxx-include-dir=/opt/qnx800/target/qnx6/usr/include/c++/4.6.3 --enable-shared --enable-multilib --with-bugurl=http://www.qnx.com --enable-gnu-indirect-function --enable-stack-protector --with-arch=armv7-a --with-float=softfp --with-fpu=vfpv3-d16 --with-mode=thumb CC=i686-unknown-linux-gnu-gcc LDFLAGS='-Wl,-s ' AUTOMAKE=: AUTOCONF=: AUTOHEADER=: AUTORECONF=: ACLOCAL=:
Thread model: posix
gcc version 4.6.3 (GCC) 
configure:11292: $? = 0
configure:11281: arm-unknown-nto-qnx8.0.0eabi-gcc -V >&5
arm-unknown-nto-qnx8.0.0eabi-gcc: error: unrecognized option '-V'
arm-unknown-nto-qnx8.0.0eabi-gcc: fatal error: no input files
compilation terminated.
configure:11292: $? = 1
configure:11281: arm-unknown-nto-qnx8.0.0eabi-gcc -qversion >&5
arm-unknown-nto-qnx8.0.0eabi-gcc: error: unrecognized option '-qversion'
arm-unknown-nto-qnx8.0.0eabi-gcc: fatal error: no input files
compilation terminated.
configure:11292: $? = 1
configure:11296: checking whether we are using the GNU C compiler
configure:11324: result: yes
configure:11333: checking whether arm-unknown-nto-qnx8.0.0eabi-gcc accepts -g
configure:11394: result: yes
configure:11411: checking for arm-unknown-nto-qnx8.0.0eabi-gcc option to accept ISO C89
configure:11488: result: none needed
configure:11522: checking for arm-unknown-nto-qnx8.0.0eabi-g++
configure:11538: found /home/admin/bin/bbndk/host_10_3_1_12/linux/x86/usr/bin/arm-unknown-nto-qnx8.0.0eabi-g++
configure:11549: result: arm-unknown-nto-qnx8.0.0eabi-g++
configure:11620: checking for C++ compiler version
configure:11629: arm-unknown-nto-qnx8.0.0eabi-g++ --version >&5
arm-unknown-nto-qnx8.0.0eabi-g++ (GCC) 4.6.3
Copyright (C) 2011 Free Software Foundation, Inc.
This is free software; see the source for copying conditions.  There is NO
warranty; not even for MERCHANTABILITY or FITNESS FOR A PARTICULAR PURPOSE.

configure:11640: $? = 0
configure:11629: arm-unknown-nto-qnx8.0.0eabi-g++ -v >&5
Using built-in specs.
COLLECT_GCC=arm-unknown-nto-qnx8.0.0eabi-g++
COLLECT_LTO_WRAPPER=/home/admin/bin/bbndk/host_10_3_1_12/linux/x86/usr/lib/gcc/arm-unknown-nto-qnx8.0.0eabi/4.6.3/lto-wrapper
Target: arm-unknown-nto-qnx8.0.0eabi
Configured with: ../configure --srcdir=.. --build=i686-pc-linux-gnu --enable-cheaders=c --with-as=ntoarm-as --with-ld=ntoarm-ld --with-sysroot=/opt/qnx800/target/qnx6/ --disable-werror --libdir=/opt/qnx800/host/linux/x86/usr/lib --libexecdir=/opt/qnx800/host/linux/x86/usr/lib --target=arm-unknown-nto-qnx8.0.0eabi --prefix=/opt/qnx800/host/linux/x86/usr --exec-prefix=/opt/qnx800/host/linux/x86/usr --with-local-prefix=/opt/qnx800/host/linux/x86/usr --enable-languages=c++ --enable-threads=posix --disable-nls --disable-libssp --disable-tls --disable-libstdcxx-pch --enable-libmudflap --enable-__cxa_atexit --with-gxx-include-dir=/opt/qnx800/target/qnx6/usr/include/c++/4.6.3 --enable-shared --enable-multilib --with-bugurl=http://www.qnx.com --enable-gnu-indirect-function --enable-stack-protector --with-arch=armv7-a --with-float=softfp --with-fpu=vfpv3-d16 --with-mode=thumb CC=i686-unknown-linux-gnu-gcc LDFLAGS='-Wl,-s ' AUTOMAKE=: AUTOCONF=: AUTOHEADER=: AUTORECONF=: ACLOCAL=:
Thread model: posix
gcc version 4.6.3 (GCC) 
configure:11640: $? = 0
configure:11629: arm-unknown-nto-qnx8.0.0eabi-g++ -V >&5
arm-unknown-nto-qnx8.0.0eabi-g++: error: unrecognized option '-V'
arm-unknown-nto-qnx8.0.0eabi-g++: fatal error: no input files
compilation terminated.
configure:11640: $? = 1
configure:11629: arm-unknown-nto-qnx8.0.0eabi-g++ -qversion >&5
arm-unknown-nto-qnx8.0.0eabi-g++: error: unrecognized option '-qversion'
arm-unknown-nto-qnx8.0.0eabi-g++: fatal error: no input files
compilation terminated.
configure:11640: $? = 1
configure:11644: checking whether we are using the GNU C++ compiler
configure:11663: arm-unknown-nto-qnx8.0.0eabi-g++ -c  -D__PLAYBOOK__ -D__QNXNTO__ -DRAW_KEYBOARD_EVENTS -I/work/TouchControlOverlay/public conftest.cpp >&5
configure:11663: $? = 0
configure:11672: result: yes
configure:11681: checking whether arm-unknown-nto-qnx8.0.0eabi-g++ accepts -g
configure:11701: arm-unknown-nto-qnx8.0.0eabi-g++ -c -g -D__PLAYBOOK__ -D__QNXNTO__ -DRAW_KEYBOARD_EVENTS -I/work/TouchControlOverlay/public conftest.cpp >&5
configure:11701: $? = 0
configure:11742: result: yes
configure:11878: checking for C++ compiler version
configure:11887: arm-unknown-nto-qnx8.0.0eabi-g++ --version >&5
arm-unknown-nto-qnx8.0.0eabi-g++ (GCC) 4.6.3
Copyright (C) 2011 Free Software Foundation, Inc.
This is free software; see the source for copying conditions.  There is NO
warranty; not even for MERCHANTABILITY or FITNESS FOR A PARTICULAR PURPOSE.

configure:11898: $? = 0
configure:11887: arm-unknown-nto-qnx8.0.0eabi-g++ -v >&5
Using built-in specs.
COLLECT_GCC=arm-unknown-nto-qnx8.0.0eabi-g++
COLLECT_LTO_WRAPPER=/home/admin/bin/bbndk/host_10_3_1_12/linux/x86/usr/lib/gcc/arm-unknown-nto-qnx8.0.0eabi/4.6.3/lto-wrapper
Target: arm-unknown-nto-qnx8.0.0eabi
Configured with: ../configure --srcdir=.. --build=i686-pc-linux-gnu --enable-cheaders=c --with-as=ntoarm-as --with-ld=ntoarm-ld --with-sysroot=/opt/qnx800/target/qnx6/ --disable-werror --libdir=/opt/qnx800/host/linux/x86/usr/lib --libexecdir=/opt/qnx800/host/linux/x86/usr/lib --target=arm-unknown-nto-qnx8.0.0eabi --prefix=/opt/qnx800/host/linux/x86/usr --exec-prefix=/opt/qnx800/host/linux/x86/usr --with-local-prefix=/opt/qnx800/host/linux/x86/usr --enable-languages=c++ --enable-threads=posix --disable-nls --disable-libssp --disable-tls --disable-libstdcxx-pch --enable-libmudflap --enable-__cxa_atexit --with-gxx-include-dir=/opt/qnx800/target/qnx6/usr/include/c++/4.6.3 --enable-shared --enable-multilib --with-bugurl=http://www.qnx.com --enable-gnu-indirect-function --enable-stack-protector --with-arch=armv7-a --with-float=softfp --with-fpu=vfpv3-d16 --with-mode=thumb CC=i686-unknown-linux-gnu-gcc LDFLAGS='-Wl,-s ' AUTOMAKE=: AUTOCONF=: AUTOHEADER=: AUTORECONF=: ACLOCAL=:
Thread model: posix
gcc version 4.6.3 (GCC) 
configure:11898: $? = 0
configure:11887: arm-unknown-nto-qnx8.0.0eabi-g++ -V >&5
arm-unknown-nto-qnx8.0.0eabi-g++: error: unrecognized option '-V'
arm-unknown-nto-qnx8.0.0eabi-g++: fatal error: no input files
compilation terminated.
configure:11898: $? = 1
configure:11887: arm-unknown-nto-qnx8.0.0eabi-g++ -qversion >&5
arm-unknown-nto-qnx8.0.0eabi-g++: error: unrecognized option '-qversion'
arm-unknown-nto-qnx8.0.0eabi-g++: fatal error: no input files
compilation terminated.
configure:11898: $? = 1
configure:11902: checking whether we are using the GNU C++ compiler
configure:11930: result: yes
configure:11939: checking whether arm-unknown-nto-qnx8.0.0eabi-g++ accepts -g
configure:12000: result: yes
configure:12031: checking how to run the C++ preprocessor
configure:12058: arm-unknown-nto-qnx8.0.0eabi-g++ -E -D__PLAYBOOK__ -D__QNXNTO__ -DRAW_KEYBOARD_EVENTS -I/work/TouchControlOverlay/public conftest.cpp
configure:12058: $? = 0
configure:12072: arm-unknown-nto-qnx8.0.0eabi-g++ -E -D__PLAYBOOK__ -D__QNXNTO__ -DRAW_KEYBOARD_EVENTS -I/work/TouchControlOverlay/public conftest.cpp
conftest.cpp:27:28: fatal error: ac_nonexistent.h: No such file or directory
compilation terminated.
configure:12072: $? = 1
configure: failed program was:
| /* confdefs.h */
| #define PACKAGE_NAME ""
| #define PACKAGE_TARNAME ""
| #define PACKAGE_VERSION ""
| #define PACKAGE_STRING ""
| #define PACKAGE_BUGREPORT ""
| #define PACKAGE_URL ""
| #define STDC_HEADERS 1
| #define HAVE_SYS_TYPES_H 1
| #define HAVE_SYS_STAT_H 1
| #define HAVE_STDLIB_H 1
| #define HAVE_STRING_H 1
| #define HAVE_MEMORY_H 1
| #define HAVE_STRINGS_H 1
| #define HAVE_INTTYPES_H 1
| #define HAVE_STDINT_H 1
| #define HAVE_UNISTD_H 1
| #define __EXTENSIONS__ 1
| #define _ALL_SOURCE 1
| #define _GNU_SOURCE 1
| #define _POSIX_PTHREAD_SEMANTICS 1
| #define _TANDEM_SOURCE 1
| #define HAVE_DLFCN_H 1
| #define LT_OBJDIR ".libs/"
| #define SDL_BYTEORDER 1234
| /* end confdefs.h.  */
| #include <ac_nonexistent.h>
configure:12097: result: arm-unknown-nto-qnx8.0.0eabi-g++ -E
configure:12117: arm-unknown-nto-qnx8.0.0eabi-g++ -E -D__PLAYBOOK__ -D__QNXNTO__ -DRAW_KEYBOARD_EVENTS -I/work/TouchControlOverlay/public conftest.cpp
configure:12117: $? = 0
configure:12131: arm-unknown-nto-qnx8.0.0eabi-g++ -E -D__PLAYBOOK__ -D__QNXNTO__ -DRAW_KEYBOARD_EVENTS -I/work/TouchControlOverlay/public conftest.cpp
conftest.cpp:27:28: fatal error: ac_nonexistent.h: No such file or directory
compilation terminated.
configure:12131: $? = 1
configure: failed program was:
| /* confdefs.h */
| #define PACKAGE_NAME ""
| #define PACKAGE_TARNAME ""
| #define PACKAGE_VERSION ""
| #define PACKAGE_STRING ""
| #define PACKAGE_BUGREPORT ""
| #define PACKAGE_URL ""
| #define STDC_HEADERS 1
| #define HAVE_SYS_TYPES_H 1
| #define HAVE_SYS_STAT_H 1
| #define HAVE_STDLIB_H 1
| #define HAVE_STRING_H 1
| #define HAVE_MEMORY_H 1
| #define HAVE_STRINGS_H 1
| #define HAVE_INTTYPES_H 1
| #define HAVE_STDINT_H 1
| #define HAVE_UNISTD_H 1
| #define __EXTENSIONS__ 1
| #define _ALL_SOURCE 1
| #define _GNU_SOURCE 1
| #define _POSIX_PTHREAD_SEMANTICS 1
| #define _TANDEM_SOURCE 1
| #define HAVE_DLFCN_H 1
| #define LT_OBJDIR ".libs/"
| #define SDL_BYTEORDER 1234
| /* end confdefs.h.  */
| #include <ac_nonexistent.h>
configure:12299: checking for ld used by arm-unknown-nto-qnx8.0.0eabi-g++
configure:12366: result: /home/admin/bin/bbndk/host_10_3_1_12/linux/x86/usr/bin/ntoarm-ld
configure:12373: checking if the linker (/home/admin/bin/bbndk/host_10_3_1_12/linux/x86/usr/bin/ntoarm-ld) is GNU ld
configure:12388: result: yes
configure:12443: checking whether the arm-unknown-nto-qnx8.0.0eabi-g++ linker (/home/admin/bin/bbndk/host_10_3_1_12/linux/x86/usr/bin/ntoarm-ld) supports shared libraries
configure:13356: result: yes
configure:13384: arm-unknown-nto-qnx8.0.0eabi-g++ -c -g -O2 -D__PLAYBOOK__ -D__QNXNTO__ -DRAW_KEYBOARD_EVENTS -I/work/TouchControlOverlay/public conftest.cpp >&5
configure:13387: $? = 0
configure:13569: checking for arm-unknown-nto-qnx8.0.0eabi-g++ option to produce PIC
configure:13886: result: -fPIC -shared -DPIC
configure:13895: checking if arm-unknown-nto-qnx8.0.0eabi-g++ PIC flag -fPIC -shared -DPIC works
configure:13913: arm-unknown-nto-qnx8.0.0eabi-g++ -c -g -O2 -D__PLAYBOOK__ -D__QNXNTO__ -DRAW_KEYBOARD_EVENTS -I/work/TouchControlOverlay/public -fPIC -shared -DPIC -DPIC conftest.cpp >&5
configure:13917: $? = 0
configure:13930: result: yes
configure:13951: checking if arm-unknown-nto-qnx8.0.0eabi-g++ static flag -static works
configure:13979: result: no
configure:13991: checking if arm-unknown-nto-qnx8.0.0eabi-g++ supports -c -o file.o
configure:14012: arm-unknown-nto-qnx8.0.0eabi-g++ -c -g -O2 -D__PLAYBOOK__ -D__QNXNTO__ -DRAW_KEYBOARD_EVENTS -I/work/TouchControlOverlay/public -o out/conftest2.o conftest.cpp >&5
configure:14016: $? = 0
configure:14038: result: yes
configure:14043: checking if arm-unknown-nto-qnx8.0.0eabi-g++ supports -c -o file.o
configure:14090: result: yes
configure:14120: checking whether the arm-unknown-nto-qnx8.0.0eabi-g++ linker (/home/admin/bin/bbndk/host_10_3_1_12/linux/x86/usr/bin/ntoarm-ld) supports shared libraries
configure:14146: result: yes
configure:14283: checking dynamic linker characteristics
configure:14884: result: ldqnx.so
configure:14935: checking how to hardcode library paths into programs
configure:14960: result: immediate
configure:15013: checking for a BSD-compatible install
configure:15081: result: /usr/bin/install -c
configure:15092: checking whether make sets $(MAKE)
configure:15114: result: yes
configure:15132: checking for windres
configure:15162: result: no
configure:15132: checking for arm-unknown-nto-qnx8.0.0eabi-windres
configure:15162: result: no
configure:15132: checking for nto-qnx8.0.0eabi-windres
configure:15162: result: no
configure:15231: checking for an ANSI C-conforming const
configure:15296: arm-unknown-nto-qnx8.0.0eabi-gcc -c -g -O2 -I./include -D_GNU_SOURCE=1 -D__PLAYBOOK__ -D__QNXNTO__ -DRAW_KEYBOARD_EVENTS -I/work/TouchControlOverlay/public -I./include -D_GNU_SOURCE=1 conftest.c >&5
configure:15296: $? = 0
configure:15303: result: yes
configure:15311: checking for inline
configure:15327: arm-unknown-nto-qnx8.0.0eabi-gcc -c -g -O2 -I./include -D_GNU_SOURCE=1 -D__PLAYBOOK__ -D__QNXNTO__ -DRAW_KEYBOARD_EVENTS -I/work/TouchControlOverlay/public -I./include -D_GNU_SOURCE=1 conftest.c >&5
configure:15327: $? = 0
configure:15335: result: inline
configure:15353: checking for working volatile
configure:15372: arm-unknown-nto-qnx8.0.0eabi-gcc -c -g -O2 -I./include -D_GNU_SOURCE=1 -D__PLAYBOOK__ -D__QNXNTO__ -DRAW_KEYBOARD_EVENTS -I/work/TouchControlOverlay/public -I./include -D_GNU_SOURCE=1 conftest.c >&5
configure:15372: $? = 0
configure:15379: result: yes
configure:15399: checking for ANSI C header files
configure:15503: result: yes
configure:15514: checking for sys/types.h
configure:15514: result: yes
configure:15514: checking stdio.h usability
configure:15514: arm-unknown-nto-qnx8.0.0eabi-gcc -c -g -O2 -I./include -D_GNU_SOURCE=1 -D__PLAYBOOK__ -D__QNXNTO__ -DRAW_KEYBOARD_EVENTS -I/work/TouchControlOverlay/public -I./include -D_GNU_SOURCE=1 conftest.c >&5
configure:15514: $? = 0
configure:15514: result: yes
configure:15514: checking stdio.h presence
configure:15514: arm-unknown-nto-qnx8.0.0eabi-gcc -E -D__PLAYBOOK__ -D__QNXNTO__ -DRAW_KEYBOARD_EVENTS -I/work/TouchControlOverlay/public -I./include -D_GNU_SOURCE=1 conftest.c
configure:15514: $? = 0
configure:15514: result: yes
configure:15514: checking for stdio.h
configure:15514: result: yes
configure:15514: checking for stdlib.h
configure:15514: result: yes
configure:15514: checking stddef.h usability
configure:15514: arm-unknown-nto-qnx8.0.0eabi-gcc -c -g -O2 -I./include -D_GNU_SOURCE=1 -D__PLAYBOOK__ -D__QNXNTO__ -DRAW_KEYBOARD_EVENTS -I/work/TouchControlOverlay/public -I./include -D_GNU_SOURCE=1 conftest.c >&5
configure:15514: $? = 0
configure:15514: result: yes
configure:15514: checking stddef.h presence
configure:15514: arm-unknown-nto-qnx8.0.0eabi-gcc -E -D__PLAYBOOK__ -D__QNXNTO__ -DRAW_KEYBOARD_EVENTS -I/work/TouchControlOverlay/public -I./include -D_GNU_SOURCE=1 conftest.c
configure:15514: $? = 0
configure:15514: result: yes
configure:15514: checking for stddef.h
configure:15514: result: yes
configure:15514: checking stdarg.h usability
configure:15514: arm-unknown-nto-qnx8.0.0eabi-gcc -c -g -O2 -I./include -D_GNU_SOURCE=1 -D__PLAYBOOK__ -D__QNXNTO__ -DRAW_KEYBOARD_EVENTS -I/work/TouchControlOverlay/public -I./include -D_GNU_SOURCE=1 conftest.c >&5
configure:15514: $? = 0
configure:15514: result: yes
configure:15514: checking stdarg.h presence
configure:15514: arm-unknown-nto-qnx8.0.0eabi-gcc -E -D__PLAYBOOK__ -D__QNXNTO__ -DRAW_KEYBOARD_EVENTS -I/work/TouchControlOverlay/public -I./include -D_GNU_SOURCE=1 conftest.c
configure:15514: $? = 0
configure:15514: result: yes
configure:15514: checking for stdarg.h
configure:15514: result: yes
configure:15514: checking malloc.h usability
configure:15514: arm-unknown-nto-qnx8.0.0eabi-gcc -c -g -O2 -I./include -D_GNU_SOURCE=1 -D__PLAYBOOK__ -D__QNXNTO__ -DRAW_KEYBOARD_EVENTS -I/work/TouchControlOverlay/public -I./include -D_GNU_SOURCE=1 conftest.c >&5
configure:15514: $? = 0
configure:15514: result: yes
configure:15514: checking malloc.h presence
configure:15514: arm-unknown-nto-qnx8.0.0eabi-gcc -E -D__PLAYBOOK__ -D__QNXNTO__ -DRAW_KEYBOARD_EVENTS -I/work/TouchControlOverlay/public -I./include -D_GNU_SOURCE=1 conftest.c
configure:15514: $? = 0
configure:15514: result: yes
configure:15514: checking for malloc.h
configure:15514: result: yes
configure:15514: checking for memory.h
configure:15514: result: yes
configure:15514: checking for string.h
configure:15514: result: yes
configure:15514: checking for strings.h
configure:15514: result: yes
configure:15514: checking for inttypes.h
configure:15514: result: yes
configure:15514: checking for stdint.h
configure:15514: result: yes
configure:15514: checking ctype.h usability
configure:15514: arm-unknown-nto-qnx8.0.0eabi-gcc -c -g -O2 -I./include -D_GNU_SOURCE=1 -D__PLAYBOOK__ -D__QNXNTO__ -DRAW_KEYBOARD_EVENTS -I/work/TouchControlOverlay/public -I./include -D_GNU_SOURCE=1 conftest.c >&5
configure:15514: $? = 0
configure:15514: result: yes
configure:15514: checking ctype.h presence
configure:15514: arm-unknown-nto-qnx8.0.0eabi-gcc -E -D__PLAYBOOK__ -D__QNXNTO__ -DRAW_KEYBOARD_EVENTS -I/work/TouchControlOverlay/public -I./include -D_GNU_SOURCE=1 conftest.c
configure:15514: $? = 0
configure:15514: result: yes
configure:15514: checking for ctype.h
configure:15514: result: yes
configure:15514: checking math.h usability
configure:15514: arm-unknown-nto-qnx8.0.0eabi-gcc -c -g -O2 -I./include -D_GNU_SOURCE=1 -D__PLAYBOOK__ -D__QNXNTO__ -DRAW_KEYBOARD_EVENTS -I/work/TouchControlOverlay/public -I./include -D_GNU_SOURCE=1 conftest.c >&5
configure:15514: $? = 0
configure:15514: result: yes
configure:15514: checking math.h presence
configure:15514: arm-unknown-nto-qnx8.0.0eabi-gcc -E -D__PLAYBOOK__ -D__QNXNTO__ -DRAW_KEYBOARD_EVENTS -I/work/TouchControlOverlay/public -I./include -D_GNU_SOURCE=1 conftest.c
configure:15514: $? = 0
configure:15514: result: yes
configure:15514: checking for math.h
configure:15514: result: yes
configure:15514: checking iconv.h usability
configure:15514: arm-unknown-nto-qnx8.0.0eabi-gcc -c -g -O2 -I./include -D_GNU_SOURCE=1 -D__PLAYBOOK__ -D__QNXNTO__ -DRAW_KEYBOARD_EVENTS -I/work/TouchControlOverlay/public -I./include -D_GNU_SOURCE=1 conftest.c >&5
configure:15514: $? = 0
configure:15514: result: yes
configure:15514: checking iconv.h presence
configure:15514: arm-unknown-nto-qnx8.0.0eabi-gcc -E -D__PLAYBOOK__ -D__QNXNTO__ -DRAW_KEYBOARD_EVENTS -I/work/TouchControlOverlay/public -I./include -D_GNU_SOURCE=1 conftest.c
configure:15514: $? = 0
configure:15514: result: yes
configure:15514: checking for iconv.h
configure:15514: result: yes
configure:15514: checking signal.h usability
configure:15514: arm-unknown-nto-qnx8.0.0eabi-gcc -c -g -O2 -I./include -D_GNU_SOURCE=1 -D__PLAYBOOK__ -D__QNXNTO__ -DRAW_KEYBOARD_EVENTS -I/work/TouchControlOverlay/public -I./include -D_GNU_SOURCE=1 conftest.c >&5
configure:15514: $? = 0
configure:15514: result: yes
configure:15514: checking signal.h presence
configure:15514: arm-unknown-nto-qnx8.0.0eabi-gcc -E -D__PLAYBOOK__ -D__QNXNTO__ -DRAW_KEYBOARD_EVENTS -I/work/TouchControlOverlay/public -I./include -D_GNU_SOURCE=1 conftest.c
configure:15514: $? = 0
configure:15514: result: yes
configure:15514: checking for signal.h
configure:15514: result: yes
configure:15525: checking for size_t
configure:15525: arm-unknown-nto-qnx8.0.0eabi-gcc -c -g -O2 -I./include -D_GNU_SOURCE=1 -D__PLAYBOOK__ -D__QNXNTO__ -DRAW_KEYBOARD_EVENTS -I/work/TouchControlOverlay/public -I./include -D_GNU_SOURCE=1 conftest.c >&5
configure:15525: $? = 0
configure:15525: arm-unknown-nto-qnx8.0.0eabi-gcc -c -g -O2 -I./include -D_GNU_SOURCE=1 -D__PLAYBOOK__ -D__QNXNTO__ -DRAW_KEYBOARD_EVENTS -I/work/TouchControlOverlay/public -I./include -D_GNU_SOURCE=1 conftest.c >&5
conftest.c: In function 'main':
conftest.c:80:21: error: expected expression before ')' token
configure:15525: $? = 1
configure: failed program was:
| /* confdefs.h */
| #define PACKAGE_NAME ""
| #define PACKAGE_TARNAME ""
| #define PACKAGE_VERSION ""
| #define PACKAGE_STRING ""
| #define PACKAGE_BUGREPORT ""
| #define PACKAGE_URL ""
| #define STDC_HEADERS 1
| #define HAVE_SYS_TYPES_H 1
| #define HAVE_SYS_STAT_H 1
| #define HAVE_STDLIB_H 1
| #define HAVE_STRING_H 1
| #define HAVE_MEMORY_H 1
| #define HAVE_STRINGS_H 1
| #define HAVE_INTTYPES_H 1
| #define HAVE_STDINT_H 1
| #define HAVE_UNISTD_H 1
| #define __EXTENSIONS__ 1
| #define _ALL_SOURCE 1
| #define _GNU_SOURCE 1
| #define _POSIX_PTHREAD_SEMANTICS 1
| #define _TANDEM_SOURCE 1
| #define HAVE_DLFCN_H 1
| #define LT_OBJDIR ".libs/"
| #define SDL_BYTEORDER 1234
| #define HAVE_LIBC 1
| #define STDC_HEADERS 1
| #define HAVE_SYS_TYPES_H 1
| #define HAVE_STDIO_H 1
| #define HAVE_STDLIB_H 1
| #define HAVE_STDDEF_H 1
| #define HAVE_STDARG_H 1
| #define HAVE_MALLOC_H 1
| #define HAVE_MEMORY_H 1
| #define HAVE_STRING_H 1
| #define HAVE_STRINGS_H 1
| #define HAVE_INTTYPES_H 1
| #define HAVE_STDINT_H 1
| #define HAVE_CTYPE_H 1
| #define HAVE_MATH_H 1
| #define HAVE_ICONV_H 1
| #define HAVE_SIGNAL_H 1
| /* end confdefs.h.  */
| #include <stdio.h>
| #ifdef HAVE_SYS_TYPES_H
| # include <sys/types.h>
| #endif
| #ifdef HAVE_SYS_STAT_H
| # include <sys/stat.h>
| #endif
| #ifdef STDC_HEADERS
| # include <stdlib.h>
| # include <stddef.h>
| #else
| # ifdef HAVE_STDLIB_H
| #  include <stdlib.h>
| # endif
| #endif
| #ifdef HAVE_STRING_H
| # if !defined STDC_HEADERS && defined HAVE_MEMORY_H
| #  include <memory.h>
| # endif
| # include <string.h>
| #endif
| #ifdef HAVE_STRINGS_H
| # include <strings.h>
| #endif
| #ifdef HAVE_INTTYPES_H
| # include <inttypes.h>
| #endif
| #ifdef HAVE_STDINT_H
| # include <stdint.h>
| #endif
| #ifdef HAVE_UNISTD_H
| # include <unistd.h>
| #endif
| int
| main ()
| {
| if (sizeof ((size_t)))
| 	    return 0;
|   ;
|   return 0;
| }
configure:15525: result: yes
configure:15537: checking for int64_t
configure:15537: arm-unknown-nto-qnx8.0.0eabi-gcc -c -g -O2 -I./include -D_GNU_SOURCE=1 -D__PLAYBOOK__ -D__QNXNTO__ -DRAW_KEYBOARD_EVENTS -I/work/TouchControlOverlay/public -I./include -D_GNU_SOURCE=1 conftest.c >&5
configure:15537: $? = 0
configure:15537: arm-unknown-nto-qnx8.0.0eabi-gcc -c -g -O2 -I./include -D_GNU_SOURCE=1 -D__PLAYBOOK__ -D__QNXNTO__ -DRAW_KEYBOARD_EVENTS -I/work/TouchControlOverlay/public -I./include -D_GNU_SOURCE=1 conftest.c >&5
conftest.c: In function 'main':
conftest.c:80:22: error: expected expression before ')' token
configure:15537: $? = 1
configure: failed program was:
| /* confdefs.h */
| #define PACKAGE_NAME ""
| #define PACKAGE_TARNAME ""
| #define PACKAGE_VERSION ""
| #define PACKAGE_STRING ""
| #define PACKAGE_BUGREPORT ""
| #define PACKAGE_URL ""
| #define STDC_HEADERS 1
| #define HAVE_SYS_TYPES_H 1
| #define HAVE_SYS_STAT_H 1
| #define HAVE_STDLIB_H 1
| #define HAVE_STRING_H 1
| #define HAVE_MEMORY_H 1
| #define HAVE_STRINGS_H 1
| #define HAVE_INTTYPES_H 1
| #define HAVE_STDINT_H 1
| #define HAVE_UNISTD_H 1
| #define __EXTENSIONS__ 1
| #define _ALL_SOURCE 1
| #define _GNU_SOURCE 1
| #define _POSIX_PTHREAD_SEMANTICS 1
| #define _TANDEM_SOURCE 1
| #define HAVE_DLFCN_H 1
| #define LT_OBJDIR ".libs/"
| #define SDL_BYTEORDER 1234
| #define HAVE_LIBC 1
| #define STDC_HEADERS 1
| #define HAVE_SYS_TYPES_H 1
| #define HAVE_STDIO_H 1
| #define HAVE_STDLIB_H 1
| #define HAVE_STDDEF_H 1
| #define HAVE_STDARG_H 1
| #define HAVE_MALLOC_H 1
| #define HAVE_MEMORY_H 1
| #define HAVE_STRING_H 1
| #define HAVE_STRINGS_H 1
| #define HAVE_INTTYPES_H 1
| #define HAVE_STDINT_H 1
| #define HAVE_CTYPE_H 1
| #define HAVE_MATH_H 1
| #define HAVE_ICONV_H 1
| #define HAVE_SIGNAL_H 1
| /* end confdefs.h.  */
| #include <stdio.h>
| #ifdef HAVE_SYS_TYPES_H
| # include <sys/types.h>
| #endif
| #ifdef HAVE_SYS_STAT_H
| # include <sys/stat.h>
| #endif
| #ifdef STDC_HEADERS
| # include <stdlib.h>
| # include <stddef.h>
| #else
| # ifdef HAVE_STDLIB_H
| #  include <stdlib.h>
| # endif
| #endif
| #ifdef HAVE_STRING_H
| # if !defined STDC_HEADERS && defined HAVE_MEMORY_H
| #  include <memory.h>
| # endif
| # include <string.h>
| #endif
| #ifdef HAVE_STRINGS_H
| # include <strings.h>
| #endif
| #ifdef HAVE_INTTYPES_H
| # include <inttypes.h>
| #endif
| #ifdef HAVE_STDINT_H
| # include <stdint.h>
| #endif
| #ifdef HAVE_UNISTD_H
| # include <unistd.h>
| #endif
| int
| main ()
| {
| if (sizeof ((int64_t)))
| 	    return 0;
|   ;
|   return 0;
| }
configure:15537: result: yes
configure:15555: checking for working alloca.h
configure:15572: arm-unknown-nto-qnx8.0.0eabi-gcc -o conftest -g -O2 -I./include -D_GNU_SOURCE=1 -D__PLAYBOOK__ -D__QNXNTO__ -DRAW_KEYBOARD_EVENTS -I/work/TouchControlOverlay/public -I./include -D_GNU_SOURCE=1 -L/work/external/lib -lscreen -lbps -lasound -lm -lEGL -lGLESv2 -lTouchControlOverlay  conftest.c  >&5
conftest.c: In function 'main':
conftest.c:49:20: error: 'NULL' undeclared (first use in this function)
conftest.c:49:20: note: each undeclared identifier is reported only once for each function it appears in
configure:15572: $? = 1
configure: failed program was:
| /* confdefs.h */
| #define PACKAGE_NAME ""
| #define PACKAGE_TARNAME ""
| #define PACKAGE_VERSION ""
| #define PACKAGE_STRING ""
| #define PACKAGE_BUGREPORT ""
| #define PACKAGE_URL ""
| #define STDC_HEADERS 1
| #define HAVE_SYS_TYPES_H 1
| #define HAVE_SYS_STAT_H 1
| #define HAVE_STDLIB_H 1
| #define HAVE_STRING_H 1
| #define HAVE_MEMORY_H 1
| #define HAVE_STRINGS_H 1
| #define HAVE_INTTYPES_H 1
| #define HAVE_STDINT_H 1
| #define HAVE_UNISTD_H 1
| #define __EXTENSIONS__ 1
| #define _ALL_SOURCE 1
| #define _GNU_SOURCE 1
| #define _POSIX_PTHREAD_SEMANTICS 1
| #define _TANDEM_SOURCE 1
| #define HAVE_DLFCN_H 1
| #define LT_OBJDIR ".libs/"
| #define SDL_BYTEORDER 1234
| #define HAVE_LIBC 1
| #define STDC_HEADERS 1
| #define HAVE_SYS_TYPES_H 1
| #define HAVE_STDIO_H 1
| #define HAVE_STDLIB_H 1
| #define HAVE_STDDEF_H 1
| #define HAVE_STDARG_H 1
| #define HAVE_MALLOC_H 1
| #define HAVE_MEMORY_H 1
| #define HAVE_STRING_H 1
| #define HAVE_STRINGS_H 1
| #define HAVE_INTTYPES_H 1
| #define HAVE_STDINT_H 1
| #define HAVE_CTYPE_H 1
| #define HAVE_MATH_H 1
| #define HAVE_ICONV_H 1
| #define HAVE_SIGNAL_H 1
| #define SDL_HAS_64BIT_TYPE 1
| /* end confdefs.h.  */
| #include <alloca.h>
| int
| main ()
| {
| char *p = (char *) alloca (2 * sizeof (int));
| 			  if (p) return 0;
|   ;
|   return 0;
| }
configure:15580: result: no
configure:15588: checking for alloca
configure:15625: arm-unknown-nto-qnx8.0.0eabi-gcc -o conftest -g -O2 -I./include -D_GNU_SOURCE=1 -D__PLAYBOOK__ -D__QNXNTO__ -DRAW_KEYBOARD_EVENTS -I/work/TouchControlOverlay/public -I./include -D_GNU_SOURCE=1 -L/work/external/lib -lscreen -lbps -lasound -lm -lEGL -lGLESv2 -lTouchControlOverlay  conftest.c  >&5
configure:15625: $? = 0
configure:15633: result: yes
configure:15745: checking for working memcmp
configure:15798: result: no
configure:15811: checking for working strtod
configure:15862: result: no
configure:15871: checking for pow
configure:15871: arm-unknown-nto-qnx8.0.0eabi-gcc -o conftest -g -O2 -I./include -D_GNU_SOURCE=1 -D__PLAYBOOK__ -D__QNXNTO__ -DRAW_KEYBOARD_EVENTS -I/work/TouchControlOverlay/public -I./include -D_GNU_SOURCE=1 -L/work/external/lib -lscreen -lbps -lasound -lm -lEGL -lGLESv2 -lTouchControlOverlay  conftest.c  >&5
conftest.c:69:6: warning: conflicting types for built-in function 'pow' [enabled by default]
configure:15871: $? = 0
configure:15871: result: yes
configure:15928: checking for mprotect
configure:15928: arm-unknown-nto-qnx8.0.0eabi-gcc -o conftest -g -O2 -I./include -D_GNU_SOURCE=1 -D__PLAYBOOK__ -D__QNXNTO__ -DRAW_KEYBOARD_EVENTS -I/work/TouchControlOverlay/public -I./include -D_GNU_SOURCE=1 -L/work/external/lib -lscreen -lbps -lasound -lm -lEGL -lGLESv2 -lTouchControlOverlay  conftest.c  >&5
configure:15928: $? = 0
configure:15928: result: yes
configure:15945: arm-unknown-nto-qnx8.0.0eabi-gcc -c -g -O2 -I./include -D_GNU_SOURCE=1 -D__PLAYBOOK__ -D__QNXNTO__ -DRAW_KEYBOARD_EVENTS -I/work/TouchControlOverlay/public -I./include -D_GNU_SOURCE=1 conftest.c >&5
configure:15945: $? = 0
configure:15957: checking for malloc
configure:15957: arm-unknown-nto-qnx8.0.0eabi-gcc -o conftest -g -O2 -I./include -D_GNU_SOURCE=1 -D__PLAYBOOK__ -D__QNXNTO__ -DRAW_KEYBOARD_EVENTS -I/work/TouchControlOverlay/public -I./include -D_GNU_SOURCE=1 -L/work/external/lib -lscreen -lbps -lasound -lm -lEGL -lGLESv2 -lTouchControlOverlay  conftest.c  >&5
conftest.c:70:6: warning: conflicting types for built-in function 'malloc' [enabled by default]
configure:15957: $? = 0
configure:15957: result: yes
configure:15957: checking for calloc
configure:15957: arm-unknown-nto-qnx8.0.0eabi-gcc -o conftest -g -O2 -I./include -D_GNU_SOURCE=1 -D__PLAYBOOK__ -D__QNXNTO__ -DRAW_KEYBOARD_EVENTS -I/work/TouchControlOverlay/public -I./include -D_GNU_SOURCE=1 -L/work/external/lib -lscreen -lbps -lasound -lm -lEGL -lGLESv2 -lTouchControlOverlay  conftest.c  >&5
conftest.c:71:6: warning: conflicting types for built-in function 'calloc' [enabled by default]
configure:15957: $? = 0
configure:15957: result: yes
configure:15957: checking for realloc
configure:15957: arm-unknown-nto-qnx8.0.0eabi-gcc -o conftest -g -O2 -I./include -D_GNU_SOURCE=1 -D__PLAYBOOK__ -D__QNXNTO__ -DRAW_KEYBOARD_EVENTS -I/work/TouchControlOverlay/public -I./include -D_GNU_SOURCE=1 -L/work/external/lib -lscreen -lbps -lasound -lm -lEGL -lGLESv2 -lTouchControlOverlay  conftest.c  >&5
conftest.c:72:6: warning: conflicting types for built-in function 'realloc' [enabled by default]
configure:15957: $? = 0
configure:15957: result: yes
configure:15957: checking for free
configure:15957: arm-unknown-nto-qnx8.0.0eabi-gcc -o conftest -g -O2 -I./include -D_GNU_SOURCE=1 -D__PLAYBOOK__ -D__QNXNTO__ -DRAW_KEYBOARD_EVENTS -I/work/TouchControlOverlay/public -I./include -D_GNU_SOURCE=1 -L/work/external/lib -lscreen -lbps -lasound -lm -lEGL -lGLESv2 -lTouchControlOverlay  conftest.c  >&5
conftest.c:73:6: warning: conflicting types for built-in function 'free' [enabled by default]
configure:15957: $? = 0
configure:15957: result: yes
configure:15957: checking for getenv
configure:15957: arm-unknown-nto-qnx8.0.0eabi-gcc -o conftest -g -O2 -I./include -D_GNU_SOURCE=1 -D__PLAYBOOK__ -D__QNXNTO__ -DRAW_KEYBOARD_EVENTS -I/work/TouchControlOverlay/public -I./include -D_GNU_SOURCE=1 -L/work/external/lib -lscreen -lbps -lasound -lm -lEGL -lGLESv2 -lTouchControlOverlay  conftest.c  >&5
configure:15957: $? = 0
configure:15957: result: yes
configure:15957: checking for putenv
configure:15957: arm-unknown-nto-qnx8.0.0eabi-gcc -o conftest -g -O2 -I./include -D_GNU_SOURCE=1 -D__PLAYBOOK__ -D__QNXNTO__ -DRAW_KEYBOARD_EVENTS -I/work/TouchControlOverlay/public -I./include -D_GNU_SOURCE=1 -L/work/external/lib -lscreen -lbps -lasound -lm -lEGL -lGLESv2 -lTouchControlOverlay  conftest.c  >&5
configure:15957: $? = 0
configure:15957: result: yes
configure:15957: checking for unsetenv
configure:15957: arm-unknown-nto-qnx8.0.0eabi-gcc -o conftest -g -O2 -I./include -D_GNU_SOURCE=1 -D__PLAYBOOK__ -D__QNXNTO__ -DRAW_KEYBOARD_EVENTS -I/work/TouchControlOverlay/public -I./include -D_GNU_SOURCE=1 -L/work/external/lib -lscreen -lbps -lasound -lm -lEGL -lGLESv2 -lTouchControlOverlay  conftest.c  >&5
configure:15957: $? = 0
configure:15957: result: yes
configure:15957: checking for qsort
configure:15957: arm-unknown-nto-qnx8.0.0eabi-gcc -o conftest -g -O2 -I./include -D_GNU_SOURCE=1 -D__PLAYBOOK__ -D__QNXNTO__ -DRAW_KEYBOARD_EVENTS -I/work/TouchControlOverlay/public -I./include -D_GNU_SOURCE=1 -L/work/external/lib -lscreen -lbps -lasound -lm -lEGL -lGLESv2 -lTouchControlOverlay  conftest.c  >&5
configure:15957: $? = 0
configure:15957: result: yes
configure:15957: checking for abs
configure:15957: arm-unknown-nto-qnx8.0.0eabi-gcc -o conftest -g -O2 -I./include -D_GNU_SOURCE=1 -D__PLAYBOOK__ -D__QNXNTO__ -DRAW_KEYBOARD_EVENTS -I/work/TouchControlOverlay/public -I./include -D_GNU_SOURCE=1 -L/work/external/lib -lscreen -lbps -lasound -lm -lEGL -lGLESv2 -lTouchControlOverlay  conftest.c  >&5
conftest.c:78:6: warning: conflicting types for built-in function 'abs' [enabled by default]
configure:15957: $? = 0
configure:15957: result: yes
configure:15957: checking for bcopy
configure:15957: arm-unknown-nto-qnx8.0.0eabi-gcc -o conftest -g -O2 -I./include -D_GNU_SOURCE=1 -D__PLAYBOOK__ -D__QNXNTO__ -DRAW_KEYBOARD_EVENTS -I/work/TouchControlOverlay/public -I./include -D_GNU_SOURCE=1 -L/work/external/lib -lscreen -lbps -lasound -lm -lEGL -lGLESv2 -lTouchControlOverlay  conftest.c  >&5
conftest.c:79:6: warning: conflicting types for built-in function 'bcopy' [enabled by default]
configure:15957: $? = 0
configure:15957: result: yes
configure:15957: checking for memset
configure:15957: arm-unknown-nto-qnx8.0.0eabi-gcc -o conftest -g -O2 -I./include -D_GNU_SOURCE=1 -D__PLAYBOOK__ -D__QNXNTO__ -DRAW_KEYBOARD_EVENTS -I/work/TouchControlOverlay/public -I./include -D_GNU_SOURCE=1 -L/work/external/lib -lscreen -lbps -lasound -lm -lEGL -lGLESv2 -lTouchControlOverlay  conftest.c  >&5
conftest.c:80:6: warning: conflicting types for built-in function 'memset' [enabled by default]
configure:15957: $? = 0
configure:15957: result: yes
configure:15957: checking for memcpy
configure:15957: arm-unknown-nto-qnx8.0.0eabi-gcc -o conftest -g -O2 -I./include -D_GNU_SOURCE=1 -D__PLAYBOOK__ -D__QNXNTO__ -DRAW_KEYBOARD_EVENTS -I/work/TouchControlOverlay/public -I./include -D_GNU_SOURCE=1 -L/work/external/lib -lscreen -lbps -lasound -lm -lEGL -lGLESv2 -lTouchControlOverlay  conftest.c  >&5
conftest.c:81:6: warning: conflicting types for built-in function 'memcpy' [enabled by default]
configure:15957: $? = 0
configure:15957: result: yes
configure:15957: checking for memmove
configure:15957: arm-unknown-nto-qnx8.0.0eabi-gcc -o conftest -g -O2 -I./include -D_GNU_SOURCE=1 -D__PLAYBOOK__ -D__QNXNTO__ -DRAW_KEYBOARD_EVENTS -I/work/TouchControlOverlay/public -I./include -D_GNU_SOURCE=1 -L/work/external/lib -lscreen -lbps -lasound -lm -lEGL -lGLESv2 -lTouchControlOverlay  conftest.c  >&5
conftest.c:82:6: warning: conflicting types for built-in function 'memmove' [enabled by default]
configure:15957: $? = 0
configure:15957: result: yes
configure:15957: checking for strlen
configure:15957: arm-unknown-nto-qnx8.0.0eabi-gcc -o conftest -g -O2 -I./include -D_GNU_SOURCE=1 -D__PLAYBOOK__ -D__QNXNTO__ -DRAW_KEYBOARD_EVENTS -I/work/TouchControlOverlay/public -I./include -D_GNU_SOURCE=1 -L/work/external/lib -lscreen -lbps -lasound -lm -lEGL -lGLESv2 -lTouchControlOverlay  conftest.c  >&5
conftest.c:83:6: warning: conflicting types for built-in function 'strlen' [enabled by default]
configure:15957: $? = 0
configure:15957: result: yes
configure:15957: checking for strlcpy
configure:15957: arm-unknown-nto-qnx8.0.0eabi-gcc -o conftest -g -O2 -I./include -D_GNU_SOURCE=1 -D__PLAYBOOK__ -D__QNXNTO__ -DRAW_KEYBOARD_EVENTS -I/work/TouchControlOverlay/public -I./include -D_GNU_SOURCE=1 -L/work/external/lib -lscreen -lbps -lasound -lm -lEGL -lGLESv2 -lTouchControlOverlay  conftest.c  >&5
configure:15957: $? = 0
configure:15957: result: yes
configure:15957: checking for strlcat
configure:15957: arm-unknown-nto-qnx8.0.0eabi-gcc -o conftest -g -O2 -I./include -D_GNU_SOURCE=1 -D__PLAYBOOK__ -D__QNXNTO__ -DRAW_KEYBOARD_EVENTS -I/work/TouchControlOverlay/public -I./include -D_GNU_SOURCE=1 -L/work/external/lib -lscreen -lbps -lasound -lm -lEGL -lGLESv2 -lTouchControlOverlay  conftest.c  >&5
configure:15957: $? = 0
configure:15957: result: yes
configure:15957: checking for strdup
configure:15957: arm-unknown-nto-qnx8.0.0eabi-gcc -o conftest -g -O2 -I./include -D_GNU_SOURCE=1 -D__PLAYBOOK__ -D__QNXNTO__ -DRAW_KEYBOARD_EVENTS -I/work/TouchControlOverlay/public -I./include -D_GNU_SOURCE=1 -L/work/external/lib -lscreen -lbps -lasound -lm -lEGL -lGLESv2 -lTouchControlOverlay  conftest.c  >&5
conftest.c:86:6: warning: conflicting types for built-in function 'strdup' [enabled by default]
configure:15957: $? = 0
configure:15957: result: yes
configure:15957: checking for _strrev
configure:15957: arm-unknown-nto-qnx8.0.0eabi-gcc -o conftest -g -O2 -I./include -D_GNU_SOURCE=1 -D__PLAYBOOK__ -D__QNXNTO__ -DRAW_KEYBOARD_EVENTS -I/work/TouchControlOverlay/public -I./include -D_GNU_SOURCE=1 -L/work/external/lib -lscreen -lbps -lasound -lm -lEGL -lGLESv2 -lTouchControlOverlay  conftest.c  >&5
/tmp/ccIqeCet.o: In function `main':
/work/SDL/conftest.c:98: undefined reference to `_strrev'
collect2: ld returned 1 exit status
configure:15957: $? = 1
configure: failed program was:
| /* confdefs.h */
| #define PACKAGE_NAME ""
| #define PACKAGE_TARNAME ""
| #define PACKAGE_VERSION ""
| #define PACKAGE_STRING ""
| #define PACKAGE_BUGREPORT ""
| #define PACKAGE_URL ""
| #define STDC_HEADERS 1
| #define HAVE_SYS_TYPES_H 1
| #define HAVE_SYS_STAT_H 1
| #define HAVE_STDLIB_H 1
| #define HAVE_STRING_H 1
| #define HAVE_MEMORY_H 1
| #define HAVE_STRINGS_H 1
| #define HAVE_INTTYPES_H 1
| #define HAVE_STDINT_H 1
| #define HAVE_UNISTD_H 1
| #define __EXTENSIONS__ 1
| #define _ALL_SOURCE 1
| #define _GNU_SOURCE 1
| #define _POSIX_PTHREAD_SEMANTICS 1
| #define _TANDEM_SOURCE 1
| #define HAVE_DLFCN_H 1
| #define LT_OBJDIR ".libs/"
| #define SDL_BYTEORDER 1234
| #define HAVE_LIBC 1
| #define STDC_HEADERS 1
| #define HAVE_SYS_TYPES_H 1
| #define HAVE_STDIO_H 1
| #define HAVE_STDLIB_H 1
| #define HAVE_STDDEF_H 1
| #define HAVE_STDARG_H 1
| #define HAVE_MALLOC_H 1
| #define HAVE_MEMORY_H 1
| #define HAVE_STRING_H 1
| #define HAVE_STRINGS_H 1
| #define HAVE_INTTYPES_H 1
| #define HAVE_STDINT_H 1
| #define HAVE_CTYPE_H 1
| #define HAVE_MATH_H 1
| #define HAVE_ICONV_H 1
| #define HAVE_SIGNAL_H 1
| #define SDL_HAS_64BIT_TYPE 1
| #define HAVE_ALLOCA 1
| #define HAVE_MPROTECT 1
| #define HAVE_MALLOC 1
| #define HAVE_CALLOC 1
| #define HAVE_REALLOC 1
| #define HAVE_FREE 1
| #define HAVE_GETENV 1
| #define HAVE_PUTENV 1
| #define HAVE_UNSETENV 1
| #define HAVE_QSORT 1
| #define HAVE_ABS 1
| #define HAVE_BCOPY 1
| #define HAVE_MEMSET 1
| #define HAVE_MEMCPY 1
| #define HAVE_MEMMOVE 1
| #define HAVE_STRLEN 1
| #define HAVE_STRLCPY 1
| #define HAVE_STRLCAT 1
| #define HAVE_STRDUP 1
| /* end confdefs.h.  */
| /* Define _strrev to an innocuous variant, in case <limits.h> declares _strrev.
|    For example, HP-UX 11i <limits.h> declares gettimeofday.  */
| #define _strrev innocuous__strrev
| 
| /* System header to define __stub macros and hopefully few prototypes,
|     which can conflict with char _strrev (); below.
|     Prefer <limits.h> to <assert.h> if __STDC__ is defined, since
|     <limits.h> exists even on freestanding compilers.  */
| 
| #ifdef __STDC__
| # include <limits.h>
| #else
| # include <assert.h>
| #endif
| 
| #undef _strrev
| 
| /* Override any GCC internal prototype to avoid an error.
|    Use char because int might match the return type of a GCC
|    builtin and then its argument prototype would still apply.  */
| #ifdef __cplusplus
| extern "C"
| #endif
| char _strrev ();
| /* The GNU C library defines this for functions which it implements
|     to always fail with ENOSYS.  Some functions are actually named
|     something starting with __ and the normal name is an alias.  */
| #if defined __stub__strrev || defined __stub____strrev
| choke me
| #endif
| 
| int
| main ()
| {
| return _strrev ();
|   ;
|   return 0;
| }
configure:15957: result: no
configure:15957: checking for _strupr
configure:15957: arm-unknown-nto-qnx8.0.0eabi-gcc -o conftest -g -O2 -I./include -D_GNU_SOURCE=1 -D__PLAYBOOK__ -D__QNXNTO__ -DRAW_KEYBOARD_EVENTS -I/work/TouchControlOverlay/public -I./include -D_GNU_SOURCE=1 -L/work/external/lib -lscreen -lbps -lasound -lm -lEGL -lGLESv2 -lTouchControlOverlay  conftest.c  >&5
configure:15957: $? = 0
configure:15957: result: yes
configure:15957: checking for _strlwr
configure:15957: arm-unknown-nto-qnx8.0.0eabi-gcc -o conftest -g -O2 -I./include -D_GNU_SOURCE=1 -D__PLAYBOOK__ -D__QNXNTO__ -DRAW_KEYBOARD_EVENTS -I/work/TouchControlOverlay/public -I./include -D_GNU_SOURCE=1 -L/work/external/lib -lscreen -lbps -lasound -lm -lEGL -lGLESv2 -lTouchControlOverlay  conftest.c  >&5
configure:15957: $? = 0
configure:15957: result: yes
configure:15957: checking for strchr
configure:15957: arm-unknown-nto-qnx8.0.0eabi-gcc -o conftest -g -O2 -I./include -D_GNU_SOURCE=1 -D__PLAYBOOK__ -D__QNXNTO__ -DRAW_KEYBOARD_EVENTS -I/work/TouchControlOverlay/public -I./include -D_GNU_SOURCE=1 -L/work/external/lib -lscreen -lbps -lasound -lm -lEGL -lGLESv2 -lTouchControlOverlay  conftest.c  >&5
conftest.c:89:6: warning: conflicting types for built-in function 'strchr' [enabled by default]
configure:15957: $? = 0
configure:15957: result: yes
configure:15957: checking for strrchr
configure:15957: arm-unknown-nto-qnx8.0.0eabi-gcc -o conftest -g -O2 -I./include -D_GNU_SOURCE=1 -D__PLAYBOOK__ -D__QNXNTO__ -DRAW_KEYBOARD_EVENTS -I/work/TouchControlOverlay/public -I./include -D_GNU_SOURCE=1 -L/work/external/lib -lscreen -lbps -lasound -lm -lEGL -lGLESv2 -lTouchControlOverlay  conftest.c  >&5
conftest.c:90:6: warning: conflicting types for built-in function 'strrchr' [enabled by default]
configure:15957: $? = 0
configure:15957: result: yes
configure:15957: checking for strstr
configure:15957: arm-unknown-nto-qnx8.0.0eabi-gcc -o conftest -g -O2 -I./include -D_GNU_SOURCE=1 -D__PLAYBOOK__ -D__QNXNTO__ -DRAW_KEYBOARD_EVENTS -I/work/TouchControlOverlay/public -I./include -D_GNU_SOURCE=1 -L/work/external/lib -lscreen -lbps -lasound -lm -lEGL -lGLESv2 -lTouchControlOverlay  conftest.c  >&5
conftest.c:91:6: warning: conflicting types for built-in function 'strstr' [enabled by default]
configure:15957: $? = 0
configure:15957: result: yes
configure:15957: checking for itoa
configure:15957: arm-unknown-nto-qnx8.0.0eabi-gcc -o conftest -g -O2 -I./include -D_GNU_SOURCE=1 -D__PLAYBOOK__ -D__QNXNTO__ -DRAW_KEYBOARD_EVENTS -I/work/TouchControlOverlay/public -I./include -D_GNU_SOURCE=1 -L/work/external/lib -lscreen -lbps -lasound -lm -lEGL -lGLESv2 -lTouchControlOverlay  conftest.c  >&5
configure:15957: $? = 0
configure:15957: result: yes
configure:15957: checking for _ltoa
configure:15957: arm-unknown-nto-qnx8.0.0eabi-gcc -o conftest -g -O2 -I./include -D_GNU_SOURCE=1 -D__PLAYBOOK__ -D__QNXNTO__ -DRAW_KEYBOARD_EVENTS -I/work/TouchControlOverlay/public -I./include -D_GNU_SOURCE=1 -L/work/external/lib -lscreen -lbps -lasound -lm -lEGL -lGLESv2 -lTouchControlOverlay  conftest.c  >&5
/tmp/cczrXnTp.o: In function `main':
/work/SDL/conftest.c:104: undefined reference to `_ltoa'
collect2: ld returned 1 exit status
configure:15957: $? = 1
configure: failed program was:
| /* confdefs.h */
| #define PACKAGE_NAME ""
| #define PACKAGE_TARNAME ""
| #define PACKAGE_VERSION ""
| #define PACKAGE_STRING ""
| #define PACKAGE_BUGREPORT ""
| #define PACKAGE_URL ""
| #define STDC_HEADERS 1
| #define HAVE_SYS_TYPES_H 1
| #define HAVE_SYS_STAT_H 1
| #define HAVE_STDLIB_H 1
| #define HAVE_STRING_H 1
| #define HAVE_MEMORY_H 1
| #define HAVE_STRINGS_H 1
| #define HAVE_INTTYPES_H 1
| #define HAVE_STDINT_H 1
| #define HAVE_UNISTD_H 1
| #define __EXTENSIONS__ 1
| #define _ALL_SOURCE 1
| #define _GNU_SOURCE 1
| #define _POSIX_PTHREAD_SEMANTICS 1
| #define _TANDEM_SOURCE 1
| #define HAVE_DLFCN_H 1
| #define LT_OBJDIR ".libs/"
| #define SDL_BYTEORDER 1234
| #define HAVE_LIBC 1
| #define STDC_HEADERS 1
| #define HAVE_SYS_TYPES_H 1
| #define HAVE_STDIO_H 1
| #define HAVE_STDLIB_H 1
| #define HAVE_STDDEF_H 1
| #define HAVE_STDARG_H 1
| #define HAVE_MALLOC_H 1
| #define HAVE_MEMORY_H 1
| #define HAVE_STRING_H 1
| #define HAVE_STRINGS_H 1
| #define HAVE_INTTYPES_H 1
| #define HAVE_STDINT_H 1
| #define HAVE_CTYPE_H 1
| #define HAVE_MATH_H 1
| #define HAVE_ICONV_H 1
| #define HAVE_SIGNAL_H 1
| #define SDL_HAS_64BIT_TYPE 1
| #define HAVE_ALLOCA 1
| #define HAVE_MPROTECT 1
| #define HAVE_MALLOC 1
| #define HAVE_CALLOC 1
| #define HAVE_REALLOC 1
| #define HAVE_FREE 1
| #define HAVE_GETENV 1
| #define HAVE_PUTENV 1
| #define HAVE_UNSETENV 1
| #define HAVE_QSORT 1
| #define HAVE_ABS 1
| #define HAVE_BCOPY 1
| #define HAVE_MEMSET 1
| #define HAVE_MEMCPY 1
| #define HAVE_MEMMOVE 1
| #define HAVE_STRLEN 1
| #define HAVE_STRLCPY 1
| #define HAVE_STRLCAT 1
| #define HAVE_STRDUP 1
| #define HAVE__STRUPR 1
| #define HAVE__STRLWR 1
| #define HAVE_STRCHR 1
| #define HAVE_STRRCHR 1
| #define HAVE_STRSTR 1
| #define HAVE_ITOA 1
| /* end confdefs.h.  */
| /* Define _ltoa to an innocuous variant, in case <limits.h> declares _ltoa.
|    For example, HP-UX 11i <limits.h> declares gettimeofday.  */
| #define _ltoa innocuous__ltoa
| 
| /* System header to define __stub macros and hopefully few prototypes,
|     which can conflict with char _ltoa (); below.
|     Prefer <limits.h> to <assert.h> if __STDC__ is defined, since
|     <limits.h> exists even on freestanding compilers.  */
| 
| #ifdef __STDC__
| # include <limits.h>
| #else
| # include <assert.h>
| #endif
| 
| #undef _ltoa
| 
| /* Override any GCC internal prototype to avoid an error.
|    Use char because int might match the return type of a GCC
|    builtin and then its argument prototype would still apply.  */
| #ifdef __cplusplus
| extern "C"
| #endif
| char _ltoa ();
| /* The GNU C library defines this for functions which it implements
|     to always fail with ENOSYS.  Some functions are actually named
|     something starting with __ and the normal name is an alias.  */
| #if defined __stub__ltoa || defined __stub____ltoa
| choke me
| #endif
| 
| int
| main ()
| {
| return _ltoa ();
|   ;
|   return 0;
| }
configure:15957: result: no
configure:15957: checking for _uitoa
configure:15957: arm-unknown-nto-qnx8.0.0eabi-gcc -o conftest -g -O2 -I./include -D_GNU_SOURCE=1 -D__PLAYBOOK__ -D__QNXNTO__ -DRAW_KEYBOARD_EVENTS -I/work/TouchControlOverlay/public -I./include -D_GNU_SOURCE=1 -L/work/external/lib -lscreen -lbps -lasound -lm -lEGL -lGLESv2 -lTouchControlOverlay  conftest.c  >&5
/tmp/cck5Ul7n.o: In function `main':
/work/SDL/conftest.c:104: undefined reference to `_uitoa'
collect2: ld returned 1 exit status
configure:15957: $? = 1
configure: failed program was:
| /* confdefs.h */
| #define PACKAGE_NAME ""
| #define PACKAGE_TARNAME ""
| #define PACKAGE_VERSION ""
| #define PACKAGE_STRING ""
| #define PACKAGE_BUGREPORT ""
| #define PACKAGE_URL ""
| #define STDC_HEADERS 1
| #define HAVE_SYS_TYPES_H 1
| #define HAVE_SYS_STAT_H 1
| #define HAVE_STDLIB_H 1
| #define HAVE_STRING_H 1
| #define HAVE_MEMORY_H 1
| #define HAVE_STRINGS_H 1
| #define HAVE_INTTYPES_H 1
| #define HAVE_STDINT_H 1
| #define HAVE_UNISTD_H 1
| #define __EXTENSIONS__ 1
| #define _ALL_SOURCE 1
| #define _GNU_SOURCE 1
| #define _POSIX_PTHREAD_SEMANTICS 1
| #define _TANDEM_SOURCE 1
| #define HAVE_DLFCN_H 1
| #define LT_OBJDIR ".libs/"
| #define SDL_BYTEORDER 1234
| #define HAVE_LIBC 1
| #define STDC_HEADERS 1
| #define HAVE_SYS_TYPES_H 1
| #define HAVE_STDIO_H 1
| #define HAVE_STDLIB_H 1
| #define HAVE_STDDEF_H 1
| #define HAVE_STDARG_H 1
| #define HAVE_MALLOC_H 1
| #define HAVE_MEMORY_H 1
| #define HAVE_STRING_H 1
| #define HAVE_STRINGS_H 1
| #define HAVE_INTTYPES_H 1
| #define HAVE_STDINT_H 1
| #define HAVE_CTYPE_H 1
| #define HAVE_MATH_H 1
| #define HAVE_ICONV_H 1
| #define HAVE_SIGNAL_H 1
| #define SDL_HAS_64BIT_TYPE 1
| #define HAVE_ALLOCA 1
| #define HAVE_MPROTECT 1
| #define HAVE_MALLOC 1
| #define HAVE_CALLOC 1
| #define HAVE_REALLOC 1
| #define HAVE_FREE 1
| #define HAVE_GETENV 1
| #define HAVE_PUTENV 1
| #define HAVE_UNSETENV 1
| #define HAVE_QSORT 1
| #define HAVE_ABS 1
| #define HAVE_BCOPY 1
| #define HAVE_MEMSET 1
| #define HAVE_MEMCPY 1
| #define HAVE_MEMMOVE 1
| #define HAVE_STRLEN 1
| #define HAVE_STRLCPY 1
| #define HAVE_STRLCAT 1
| #define HAVE_STRDUP 1
| #define HAVE__STRUPR 1
| #define HAVE__STRLWR 1
| #define HAVE_STRCHR 1
| #define HAVE_STRRCHR 1
| #define HAVE_STRSTR 1
| #define HAVE_ITOA 1
| /* end confdefs.h.  */
| /* Define _uitoa to an innocuous variant, in case <limits.h> declares _uitoa.
|    For example, HP-UX 11i <limits.h> declares gettimeofday.  */
| #define _uitoa innocuous__uitoa
| 
| /* System header to define __stub macros and hopefully few prototypes,
|     which can conflict with char _uitoa (); below.
|     Prefer <limits.h> to <assert.h> if __STDC__ is defined, since
|     <limits.h> exists even on freestanding compilers.  */
| 
| #ifdef __STDC__
| # include <limits.h>
| #else
| # include <assert.h>
| #endif
| 
| #undef _uitoa
| 
| /* Override any GCC internal prototype to avoid an error.
|    Use char because int might match the return type of a GCC
|    builtin and then its argument prototype would still apply.  */
| #ifdef __cplusplus
| extern "C"
| #endif
| char _uitoa ();
| /* The GNU C library defines this for functions which it implements
|     to always fail with ENOSYS.  Some functions are actually named
|     something starting with __ and the normal name is an alias.  */
| #if defined __stub__uitoa || defined __stub____uitoa
| choke me
| #endif
| 
| int
| main ()
| {
| return _uitoa ();
|   ;
|   return 0;
| }
configure:15957: result: no
configure:15957: checking for _ultoa
configure:15957: arm-unknown-nto-qnx8.0.0eabi-gcc -o conftest -g -O2 -I./include -D_GNU_SOURCE=1 -D__PLAYBOOK__ -D__QNXNTO__ -DRAW_KEYBOARD_EVENTS -I/work/TouchControlOverlay/public -I./include -D_GNU_SOURCE=1 -L/work/external/lib -lscreen -lbps -lasound -lm -lEGL -lGLESv2 -lTouchControlOverlay  conftest.c  >&5
/tmp/ccZHbEbk.o: In function `main':
/work/SDL/conftest.c:104: undefined reference to `_ultoa'
collect2: ld returned 1 exit status
configure:15957: $? = 1
configure: failed program was:
| /* confdefs.h */
| #define PACKAGE_NAME ""
| #define PACKAGE_TARNAME ""
| #define PACKAGE_VERSION ""
| #define PACKAGE_STRING ""
| #define PACKAGE_BUGREPORT ""
| #define PACKAGE_URL ""
| #define STDC_HEADERS 1
| #define HAVE_SYS_TYPES_H 1
| #define HAVE_SYS_STAT_H 1
| #define HAVE_STDLIB_H 1
| #define HAVE_STRING_H 1
| #define HAVE_MEMORY_H 1
| #define HAVE_STRINGS_H 1
| #define HAVE_INTTYPES_H 1
| #define HAVE_STDINT_H 1
| #define HAVE_UNISTD_H 1
| #define __EXTENSIONS__ 1
| #define _ALL_SOURCE 1
| #define _GNU_SOURCE 1
| #define _POSIX_PTHREAD_SEMANTICS 1
| #define _TANDEM_SOURCE 1
| #define HAVE_DLFCN_H 1
| #define LT_OBJDIR ".libs/"
| #define SDL_BYTEORDER 1234
| #define HAVE_LIBC 1
| #define STDC_HEADERS 1
| #define HAVE_SYS_TYPES_H 1
| #define HAVE_STDIO_H 1
| #define HAVE_STDLIB_H 1
| #define HAVE_STDDEF_H 1
| #define HAVE_STDARG_H 1
| #define HAVE_MALLOC_H 1
| #define HAVE_MEMORY_H 1
| #define HAVE_STRING_H 1
| #define HAVE_STRINGS_H 1
| #define HAVE_INTTYPES_H 1
| #define HAVE_STDINT_H 1
| #define HAVE_CTYPE_H 1
| #define HAVE_MATH_H 1
| #define HAVE_ICONV_H 1
| #define HAVE_SIGNAL_H 1
| #define SDL_HAS_64BIT_TYPE 1
| #define HAVE_ALLOCA 1
| #define HAVE_MPROTECT 1
| #define HAVE_MALLOC 1
| #define HAVE_CALLOC 1
| #define HAVE_REALLOC 1
| #define HAVE_FREE 1
| #define HAVE_GETENV 1
| #define HAVE_PUTENV 1
| #define HAVE_UNSETENV 1
| #define HAVE_QSORT 1
| #define HAVE_ABS 1
| #define HAVE_BCOPY 1
| #define HAVE_MEMSET 1
| #define HAVE_MEMCPY 1
| #define HAVE_MEMMOVE 1
| #define HAVE_STRLEN 1
| #define HAVE_STRLCPY 1
| #define HAVE_STRLCAT 1
| #define HAVE_STRDUP 1
| #define HAVE__STRUPR 1
| #define HAVE__STRLWR 1
| #define HAVE_STRCHR 1
| #define HAVE_STRRCHR 1
| #define HAVE_STRSTR 1
| #define HAVE_ITOA 1
| /* end confdefs.h.  */
| /* Define _ultoa to an innocuous variant, in case <limits.h> declares _ultoa.
|    For example, HP-UX 11i <limits.h> declares gettimeofday.  */
| #define _ultoa innocuous__ultoa
| 
| /* System header to define __stub macros and hopefully few prototypes,
|     which can conflict with char _ultoa (); below.
|     Prefer <limits.h> to <assert.h> if __STDC__ is defined, since
|     <limits.h> exists even on freestanding compilers.  */
| 
| #ifdef __STDC__
| # include <limits.h>
| #else
| # include <assert.h>
| #endif
| 
| #undef _ultoa
| 
| /* Override any GCC internal prototype to avoid an error.
|    Use char because int might match the return type of a GCC
|    builtin and then its argument prototype would still apply.  */
| #ifdef __cplusplus
| extern "C"
| #endif
| char _ultoa ();
| /* The GNU C library defines this for functions which it implements
|     to always fail with ENOSYS.  Some functions are actually named
|     something starting with __ and the normal name is an alias.  */
| #if defined __stub__ultoa || defined __stub____ultoa
| choke me
| #endif
| 
| int
| main ()
| {
| return _ultoa ();
|   ;
|   return 0;
| }
configure:15957: result: no
configure:15957: checking for strtol
configure:15957: arm-unknown-nto-qnx8.0.0eabi-gcc -o conftest -g -O2 -I./include -D_GNU_SOURCE=1 -D__PLAYBOOK__ -D__QNXNTO__ -DRAW_KEYBOARD_EVENTS -I/work/TouchControlOverlay/public -I./include -D_GNU_SOURCE=1 -L/work/external/lib -lscreen -lbps -lasound -lm -lEGL -lGLESv2 -lTouchControlOverlay  conftest.c  >&5
configure:15957: $? = 0
configure:15957: result: yes
configure:15957: checking for strtoul
configure:15957: arm-unknown-nto-qnx8.0.0eabi-gcc -o conftest -g -O2 -I./include -D_GNU_SOURCE=1 -D__PLAYBOOK__ -D__QNXNTO__ -DRAW_KEYBOARD_EVENTS -I/work/TouchControlOverlay/public -I./include -D_GNU_SOURCE=1 -L/work/external/lib -lscreen -lbps -lasound -lm -lEGL -lGLESv2 -lTouchControlOverlay  conftest.c  >&5
configure:15957: $? = 0
configure:15957: result: yes
configure:15957: checking for _i64toa
configure:15957: arm-unknown-nto-qnx8.0.0eabi-gcc -o conftest -g -O2 -I./include -D_GNU_SOURCE=1 -D__PLAYBOOK__ -D__QNXNTO__ -DRAW_KEYBOARD_EVENTS -I/work/TouchControlOverlay/public -I./include -D_GNU_SOURCE=1 -L/work/external/lib -lscreen -lbps -lasound -lm -lEGL -lGLESv2 -lTouchControlOverlay  conftest.c  >&5
/tmp/cceuH2ab.o: In function `main':
/work/SDL/conftest.c:106: undefined reference to `_i64toa'
collect2: ld returned 1 exit status
configure:15957: $? = 1
configure: failed program was:
| /* confdefs.h */
| #define PACKAGE_NAME ""
| #define PACKAGE_TARNAME ""
| #define PACKAGE_VERSION ""
| #define PACKAGE_STRING ""
| #define PACKAGE_BUGREPORT ""
| #define PACKAGE_URL ""
| #define STDC_HEADERS 1
| #define HAVE_SYS_TYPES_H 1
| #define HAVE_SYS_STAT_H 1
| #define HAVE_STDLIB_H 1
| #define HAVE_STRING_H 1
| #define HAVE_MEMORY_H 1
| #define HAVE_STRINGS_H 1
| #define HAVE_INTTYPES_H 1
| #define HAVE_STDINT_H 1
| #define HAVE_UNISTD_H 1
| #define __EXTENSIONS__ 1
| #define _ALL_SOURCE 1
| #define _GNU_SOURCE 1
| #define _POSIX_PTHREAD_SEMANTICS 1
| #define _TANDEM_SOURCE 1
| #define HAVE_DLFCN_H 1
| #define LT_OBJDIR ".libs/"
| #define SDL_BYTEORDER 1234
| #define HAVE_LIBC 1
| #define STDC_HEADERS 1
| #define HAVE_SYS_TYPES_H 1
| #define HAVE_STDIO_H 1
| #define HAVE_STDLIB_H 1
| #define HAVE_STDDEF_H 1
| #define HAVE_STDARG_H 1
| #define HAVE_MALLOC_H 1
| #define HAVE_MEMORY_H 1
| #define HAVE_STRING_H 1
| #define HAVE_STRINGS_H 1
| #define HAVE_INTTYPES_H 1
| #define HAVE_STDINT_H 1
| #define HAVE_CTYPE_H 1
| #define HAVE_MATH_H 1
| #define HAVE_ICONV_H 1
| #define HAVE_SIGNAL_H 1
| #define SDL_HAS_64BIT_TYPE 1
| #define HAVE_ALLOCA 1
| #define HAVE_MPROTECT 1
| #define HAVE_MALLOC 1
| #define HAVE_CALLOC 1
| #define HAVE_REALLOC 1
| #define HAVE_FREE 1
| #define HAVE_GETENV 1
| #define HAVE_PUTENV 1
| #define HAVE_UNSETENV 1
| #define HAVE_QSORT 1
| #define HAVE_ABS 1
| #define HAVE_BCOPY 1
| #define HAVE_MEMSET 1
| #define HAVE_MEMCPY 1
| #define HAVE_MEMMOVE 1
| #define HAVE_STRLEN 1
| #define HAVE_STRLCPY 1
| #define HAVE_STRLCAT 1
| #define HAVE_STRDUP 1
| #define HAVE__STRUPR 1
| #define HAVE__STRLWR 1
| #define HAVE_STRCHR 1
| #define HAVE_STRRCHR 1
| #define HAVE_STRSTR 1
| #define HAVE_ITOA 1
| #define HAVE_STRTOL 1
| #define HAVE_STRTOUL 1
| /* end confdefs.h.  */
| /* Define _i64toa to an innocuous variant, in case <limits.h> declares _i64toa.
|    For example, HP-UX 11i <limits.h> declares gettimeofday.  */
| #define _i64toa innocuous__i64toa
| 
| /* System header to define __stub macros and hopefully few prototypes,
|     which can conflict with char _i64toa (); below.
|     Prefer <limits.h> to <assert.h> if __STDC__ is defined, since
|     <limits.h> exists even on freestanding compilers.  */
| 
| #ifdef __STDC__
| # include <limits.h>
| #else
| # include <assert.h>
| #endif
| 
| #undef _i64toa
| 
| /* Override any GCC internal prototype to avoid an error.
|    Use char because int might match the return type of a GCC
|    builtin and then its argument prototype would still apply.  */
| #ifdef __cplusplus
| extern "C"
| #endif
| char _i64toa ();
| /* The GNU C library defines this for functions which it implements
|     to always fail with ENOSYS.  Some functions are actually named
|     something starting with __ and the normal name is an alias.  */
| #if defined __stub__i64toa || defined __stub____i64toa
| choke me
| #endif
| 
| int
| main ()
| {
| return _i64toa ();
|   ;
|   return 0;
| }
configure:15957: result: no
configure:15957: checking for _ui64toa
configure:15957: arm-unknown-nto-qnx8.0.0eabi-gcc -o conftest -g -O2 -I./include -D_GNU_SOURCE=1 -D__PLAYBOOK__ -D__QNXNTO__ -DRAW_KEYBOARD_EVENTS -I/work/TouchControlOverlay/public -I./include -D_GNU_SOURCE=1 -L/work/external/lib -lscreen -lbps -lasound -lm -lEGL -lGLESv2 -lTouchControlOverlay  conftest.c  >&5
/tmp/cc1u0zfb.o: In function `main':
/work/SDL/conftest.c:106: undefined reference to `_ui64toa'
collect2: ld returned 1 exit status
configure:15957: $? = 1
configure: failed program was:
| /* confdefs.h */
| #define PACKAGE_NAME ""
| #define PACKAGE_TARNAME ""
| #define PACKAGE_VERSION ""
| #define PACKAGE_STRING ""
| #define PACKAGE_BUGREPORT ""
| #define PACKAGE_URL ""
| #define STDC_HEADERS 1
| #define HAVE_SYS_TYPES_H 1
| #define HAVE_SYS_STAT_H 1
| #define HAVE_STDLIB_H 1
| #define HAVE_STRING_H 1
| #define HAVE_MEMORY_H 1
| #define HAVE_STRINGS_H 1
| #define HAVE_INTTYPES_H 1
| #define HAVE_STDINT_H 1
| #define HAVE_UNISTD_H 1
| #define __EXTENSIONS__ 1
| #define _ALL_SOURCE 1
| #define _GNU_SOURCE 1
| #define _POSIX_PTHREAD_SEMANTICS 1
| #define _TANDEM_SOURCE 1
| #define HAVE_DLFCN_H 1
| #define LT_OBJDIR ".libs/"
| #define SDL_BYTEORDER 1234
| #define HAVE_LIBC 1
| #define STDC_HEADERS 1
| #define HAVE_SYS_TYPES_H 1
| #define HAVE_STDIO_H 1
| #define HAVE_STDLIB_H 1
| #define HAVE_STDDEF_H 1
| #define HAVE_STDARG_H 1
| #define HAVE_MALLOC_H 1
| #define HAVE_MEMORY_H 1
| #define HAVE_STRING_H 1
| #define HAVE_STRINGS_H 1
| #define HAVE_INTTYPES_H 1
| #define HAVE_STDINT_H 1
| #define HAVE_CTYPE_H 1
| #define HAVE_MATH_H 1
| #define HAVE_ICONV_H 1
| #define HAVE_SIGNAL_H 1
| #define SDL_HAS_64BIT_TYPE 1
| #define HAVE_ALLOCA 1
| #define HAVE_MPROTECT 1
| #define HAVE_MALLOC 1
| #define HAVE_CALLOC 1
| #define HAVE_REALLOC 1
| #define HAVE_FREE 1
| #define HAVE_GETENV 1
| #define HAVE_PUTENV 1
| #define HAVE_UNSETENV 1
| #define HAVE_QSORT 1
| #define HAVE_ABS 1
| #define HAVE_BCOPY 1
| #define HAVE_MEMSET 1
| #define HAVE_MEMCPY 1
| #define HAVE_MEMMOVE 1
| #define HAVE_STRLEN 1
| #define HAVE_STRLCPY 1
| #define HAVE_STRLCAT 1
| #define HAVE_STRDUP 1
| #define HAVE__STRUPR 1
| #define HAVE__STRLWR 1
| #define HAVE_STRCHR 1
| #define HAVE_STRRCHR 1
| #define HAVE_STRSTR 1
| #define HAVE_ITOA 1
| #define HAVE_STRTOL 1
| #define HAVE_STRTOUL 1
| /* end confdefs.h.  */
| /* Define _ui64toa to an innocuous variant, in case <limits.h> declares _ui64toa.
|    For example, HP-UX 11i <limits.h> declares gettimeofday.  */
| #define _ui64toa innocuous__ui64toa
| 
| /* System header to define __stub macros and hopefully few prototypes,
|     which can conflict with char _ui64toa (); below.
|     Prefer <limits.h> to <assert.h> if __STDC__ is defined, since
|     <limits.h> exists even on freestanding compilers.  */
| 
| #ifdef __STDC__
| # include <limits.h>
| #else
| # include <assert.h>
| #endif
| 
| #undef _ui64toa
| 
| /* Override any GCC internal prototype to avoid an error.
|    Use char because int might match the return type of a GCC
|    builtin and then its argument prototype would still apply.  */
| #ifdef __cplusplus
| extern "C"
| #endif
| char _ui64toa ();
| /* The GNU C library defines this for functions which it implements
|     to always fail with ENOSYS.  Some functions are actually named
|     something starting with __ and the normal name is an alias.  */
| #if defined __stub__ui64toa || defined __stub____ui64toa
| choke me
| #endif
| 
| int
| main ()
| {
| return _ui64toa ();
|   ;
|   return 0;
| }
configure:15957: result: no
configure:15957: checking for strtoll
configure:15957: arm-unknown-nto-qnx8.0.0eabi-gcc -o conftest -g -O2 -I./include -D_GNU_SOURCE=1 -D__PLAYBOOK__ -D__QNXNTO__ -DRAW_KEYBOARD_EVENTS -I/work/TouchControlOverlay/public -I./include -D_GNU_SOURCE=1 -L/work/external/lib -lscreen -lbps -lasound -lm -lEGL -lGLESv2 -lTouchControlOverlay  conftest.c  >&5
configure:15957: $? = 0
configure:15957: result: yes
configure:15957: checking for strtoull
configure:15957: arm-unknown-nto-qnx8.0.0eabi-gcc -o conftest -g -O2 -I./include -D_GNU_SOURCE=1 -D__PLAYBOOK__ -D__QNXNTO__ -DRAW_KEYBOARD_EVENTS -I/work/TouchControlOverlay/public -I./include -D_GNU_SOURCE=1 -L/work/external/lib -lscreen -lbps -lasound -lm -lEGL -lGLESv2 -lTouchControlOverlay  conftest.c  >&5
configure:15957: $? = 0
configure:15957: result: yes
configure:15957: checking for atoi
configure:15957: arm-unknown-nto-qnx8.0.0eabi-gcc -o conftest -g -O2 -I./include -D_GNU_SOURCE=1 -D__PLAYBOOK__ -D__QNXNTO__ -DRAW_KEYBOARD_EVENTS -I/work/TouchControlOverlay/public -I./include -D_GNU_SOURCE=1 -L/work/external/lib -lscreen -lbps -lasound -lm -lEGL -lGLESv2 -lTouchControlOverlay  conftest.c  >&5
configure:15957: $? = 0
configure:15957: result: yes
configure:15957: checking for atof
configure:15957: arm-unknown-nto-qnx8.0.0eabi-gcc -o conftest -g -O2 -I./include -D_GNU_SOURCE=1 -D__PLAYBOOK__ -D__QNXNTO__ -DRAW_KEYBOARD_EVENTS -I/work/TouchControlOverlay/public -I./include -D_GNU_SOURCE=1 -L/work/external/lib -lscreen -lbps -lasound -lm -lEGL -lGLESv2 -lTouchControlOverlay  conftest.c  >&5
configure:15957: $? = 0
configure:15957: result: yes
configure:15957: checking for strcmp
configure:15957: arm-unknown-nto-qnx8.0.0eabi-gcc -o conftest -g -O2 -I./include -D_GNU_SOURCE=1 -D__PLAYBOOK__ -D__QNXNTO__ -DRAW_KEYBOARD_EVENTS -I/work/TouchControlOverlay/public -I./include -D_GNU_SOURCE=1 -L/work/external/lib -lscreen -lbps -lasound -lm -lEGL -lGLESv2 -lTouchControlOverlay  conftest.c  >&5
conftest.c:99:6: warning: conflicting types for built-in function 'strcmp' [enabled by default]
configure:15957: $? = 0
configure:15957: result: yes
configure:15957: checking for strncmp
configure:15957: arm-unknown-nto-qnx8.0.0eabi-gcc -o conftest -g -O2 -I./include -D_GNU_SOURCE=1 -D__PLAYBOOK__ -D__QNXNTO__ -DRAW_KEYBOARD_EVENTS -I/work/TouchControlOverlay/public -I./include -D_GNU_SOURCE=1 -L/work/external/lib -lscreen -lbps -lasound -lm -lEGL -lGLESv2 -lTouchControlOverlay  conftest.c  >&5
conftest.c:100:6: warning: conflicting types for built-in function 'strncmp' [enabled by default]
configure:15957: $? = 0
configure:15957: result: yes
configure:15957: checking for _stricmp
configure:15957: arm-unknown-nto-qnx8.0.0eabi-gcc -o conftest -g -O2 -I./include -D_GNU_SOURCE=1 -D__PLAYBOOK__ -D__QNXNTO__ -DRAW_KEYBOARD_EVENTS -I/work/TouchControlOverlay/public -I./include -D_GNU_SOURCE=1 -L/work/external/lib -lscreen -lbps -lasound -lm -lEGL -lGLESv2 -lTouchControlOverlay  conftest.c  >&5
configure:15957: $? = 0
configure:15957: result: yes
configure:15957: checking for strcasecmp
configure:15957: arm-unknown-nto-qnx8.0.0eabi-gcc -o conftest -g -O2 -I./include -D_GNU_SOURCE=1 -D__PLAYBOOK__ -D__QNXNTO__ -DRAW_KEYBOARD_EVENTS -I/work/TouchControlOverlay/public -I./include -D_GNU_SOURCE=1 -L/work/external/lib -lscreen -lbps -lasound -lm -lEGL -lGLESv2 -lTouchControlOverlay  conftest.c  >&5
conftest.c:102:6: warning: conflicting types for built-in function 'strcasecmp' [enabled by default]
configure:15957: $? = 0
configure:15957: result: yes
configure:15957: checking for _strnicmp
configure:15957: arm-unknown-nto-qnx8.0.0eabi-gcc -o conftest -g -O2 -I./include -D_GNU_SOURCE=1 -D__PLAYBOOK__ -D__QNXNTO__ -DRAW_KEYBOARD_EVENTS -I/work/TouchControlOverlay/public -I./include -D_GNU_SOURCE=1 -L/work/external/lib -lscreen -lbps -lasound -lm -lEGL -lGLESv2 -lTouchControlOverlay  conftest.c  >&5
configure:15957: $? = 0
configure:15957: result: yes
configure:15957: checking for strncasecmp
configure:15957: arm-unknown-nto-qnx8.0.0eabi-gcc -o conftest -g -O2 -I./include -D_GNU_SOURCE=1 -D__PLAYBOOK__ -D__QNXNTO__ -DRAW_KEYBOARD_EVENTS -I/work/TouchControlOverlay/public -I./include -D_GNU_SOURCE=1 -L/work/external/lib -lscreen -lbps -lasound -lm -lEGL -lGLESv2 -lTouchControlOverlay  conftest.c  >&5
conftest.c:104:6: warning: conflicting types for built-in function 'strncasecmp' [enabled by default]
configure:15957: $? = 0
configure:15957: result: yes
configure:15957: checking for sscanf
configure:15957: arm-unknown-nto-qnx8.0.0eabi-gcc -o conftest -g -O2 -I./include -D_GNU_SOURCE=1 -D__PLAYBOOK__ -D__QNXNTO__ -DRAW_KEYBOARD_EVENTS -I/work/TouchControlOverlay/public -I./include -D_GNU_SOURCE=1 -L/work/external/lib -lscreen -lbps -lasound -lm -lEGL -lGLESv2 -lTouchControlOverlay  conftest.c  >&5
conftest.c:105:6: warning: conflicting types for built-in function 'sscanf' [enabled by default]
configure:15957: $? = 0
configure:15957: result: yes
configure:15957: checking for snprintf
configure:15957: arm-unknown-nto-qnx8.0.0eabi-gcc -o conftest -g -O2 -I./include -D_GNU_SOURCE=1 -D__PLAYBOOK__ -D__QNXNTO__ -DRAW_KEYBOARD_EVENTS -I/work/TouchControlOverlay/public -I./include -D_GNU_SOURCE=1 -L/work/external/lib -lscreen -lbps -lasound -lm -lEGL -lGLESv2 -lTouchControlOverlay  conftest.c  >&5
conftest.c:106:6: warning: conflicting types for built-in function 'snprintf' [enabled by default]
configure:15957: $? = 0
configure:15957: result: yes
configure:15957: checking for vsnprintf
configure:15957: arm-unknown-nto-qnx8.0.0eabi-gcc -o conftest -g -O2 -I./include -D_GNU_SOURCE=1 -D__PLAYBOOK__ -D__QNXNTO__ -DRAW_KEYBOARD_EVENTS -I/work/TouchControlOverlay/public -I./include -D_GNU_SOURCE=1 -L/work/external/lib -lscreen -lbps -lasound -lm -lEGL -lGLESv2 -lTouchControlOverlay  conftest.c  >&5
conftest.c:107:6: warning: conflicting types for built-in function 'vsnprintf' [enabled by default]
configure:15957: $? = 0
configure:15957: result: yes
configure:15957: checking for iconv
configure:15957: arm-unknown-nto-qnx8.0.0eabi-gcc -o conftest -g -O2 -I./include -D_GNU_SOURCE=1 -D__PLAYBOOK__ -D__QNXNTO__ -DRAW_KEYBOARD_EVENTS -I/work/TouchControlOverlay/public -I./include -D_GNU_SOURCE=1 -L/work/external/lib -lscreen -lbps -lasound -lm -lEGL -lGLESv2 -lTouchControlOverlay  conftest.c  >&5
/tmp/ccIp1V37.o: In function `main':
/work/SDL/conftest.c:119: undefined reference to `iconv'
collect2: ld returned 1 exit status
configure:15957: $? = 1
configure: failed program was:
| /* confdefs.h */
| #define PACKAGE_NAME ""
| #define PACKAGE_TARNAME ""
| #define PACKAGE_VERSION ""
| #define PACKAGE_STRING ""
| #define PACKAGE_BUGREPORT ""
| #define PACKAGE_URL ""
| #define STDC_HEADERS 1
| #define HAVE_SYS_TYPES_H 1
| #define HAVE_SYS_STAT_H 1
| #define HAVE_STDLIB_H 1
| #define HAVE_STRING_H 1
| #define HAVE_MEMORY_H 1
| #define HAVE_STRINGS_H 1
| #define HAVE_INTTYPES_H 1
| #define HAVE_STDINT_H 1
| #define HAVE_UNISTD_H 1
| #define __EXTENSIONS__ 1
| #define _ALL_SOURCE 1
| #define _GNU_SOURCE 1
| #define _POSIX_PTHREAD_SEMANTICS 1
| #define _TANDEM_SOURCE 1
| #define HAVE_DLFCN_H 1
| #define LT_OBJDIR ".libs/"
| #define SDL_BYTEORDER 1234
| #define HAVE_LIBC 1
| #define STDC_HEADERS 1
| #define HAVE_SYS_TYPES_H 1
| #define HAVE_STDIO_H 1
| #define HAVE_STDLIB_H 1
| #define HAVE_STDDEF_H 1
| #define HAVE_STDARG_H 1
| #define HAVE_MALLOC_H 1
| #define HAVE_MEMORY_H 1
| #define HAVE_STRING_H 1
| #define HAVE_STRINGS_H 1
| #define HAVE_INTTYPES_H 1
| #define HAVE_STDINT_H 1
| #define HAVE_CTYPE_H 1
| #define HAVE_MATH_H 1
| #define HAVE_ICONV_H 1
| #define HAVE_SIGNAL_H 1
| #define SDL_HAS_64BIT_TYPE 1
| #define HAVE_ALLOCA 1
| #define HAVE_MPROTECT 1
| #define HAVE_MALLOC 1
| #define HAVE_CALLOC 1
| #define HAVE_REALLOC 1
| #define HAVE_FREE 1
| #define HAVE_GETENV 1
| #define HAVE_PUTENV 1
| #define HAVE_UNSETENV 1
| #define HAVE_QSORT 1
| #define HAVE_ABS 1
| #define HAVE_BCOPY 1
| #define HAVE_MEMSET 1
| #define HAVE_MEMCPY 1
| #define HAVE_MEMMOVE 1
| #define HAVE_STRLEN 1
| #define HAVE_STRLCPY 1
| #define HAVE_STRLCAT 1
| #define HAVE_STRDUP 1
| #define HAVE__STRUPR 1
| #define HAVE__STRLWR 1
| #define HAVE_STRCHR 1
| #define HAVE_STRRCHR 1
| #define HAVE_STRSTR 1
| #define HAVE_ITOA 1
| #define HAVE_STRTOL 1
| #define HAVE_STRTOUL 1
| #define HAVE_STRTOLL 1
| #define HAVE_STRTOULL 1
| #define HAVE_ATOI 1
| #define HAVE_ATOF 1
| #define HAVE_STRCMP 1
| #define HAVE_STRNCMP 1
| #define HAVE__STRICMP 1
| #define HAVE_STRCASECMP 1
| #define HAVE__STRNICMP 1
| #define HAVE_STRNCASECMP 1
| #define HAVE_SSCANF 1
| #define HAVE_SNPRINTF 1
| #define HAVE_VSNPRINTF 1
| /* end confdefs.h.  */
| /* Define iconv to an innocuous variant, in case <limits.h> declares iconv.
|    For example, HP-UX 11i <limits.h> declares gettimeofday.  */
| #define iconv innocuous_iconv
| 
| /* System header to define __stub macros and hopefully few prototypes,
|     which can conflict with char iconv (); below.
|     Prefer <limits.h> to <assert.h> if __STDC__ is defined, since
|     <limits.h> exists even on freestanding compilers.  */
| 
| #ifdef __STDC__
| # include <limits.h>
| #else
| # include <assert.h>
| #endif
| 
| #undef iconv
| 
| /* Override any GCC internal prototype to avoid an error.
|    Use char because int might match the return type of a GCC
|    builtin and then its argument prototype would still apply.  */
| #ifdef __cplusplus
| extern "C"
| #endif
| char iconv ();
| /* The GNU C library defines this for functions which it implements
|     to always fail with ENOSYS.  Some functions are actually named
|     something starting with __ and the normal name is an alias.  */
| #if defined __stub_iconv || defined __stub___iconv
| choke me
| #endif
| 
| int
| main ()
| {
| return iconv ();
|   ;
|   return 0;
| }
configure:15957: result: no
configure:15957: checking for sigaction
configure:15957: arm-unknown-nto-qnx8.0.0eabi-gcc -o conftest -g -O2 -I./include -D_GNU_SOURCE=1 -D__PLAYBOOK__ -D__QNXNTO__ -DRAW_KEYBOARD_EVENTS -I/work/TouchControlOverlay/public -I./include -D_GNU_SOURCE=1 -L/work/external/lib -lscreen -lbps -lasound -lm -lEGL -lGLESv2 -lTouchControlOverlay  conftest.c  >&5
configure:15957: $? = 0
configure:15957: result: yes
configure:15957: checking for setjmp
configure:15957: arm-unknown-nto-qnx8.0.0eabi-gcc -o conftest -g -O2 -I./include -D_GNU_SOURCE=1 -D__PLAYBOOK__ -D__QNXNTO__ -DRAW_KEYBOARD_EVENTS -I/work/TouchControlOverlay/public -I./include -D_GNU_SOURCE=1 -L/work/external/lib -lscreen -lbps -lasound -lm -lEGL -lGLESv2 -lTouchControlOverlay  conftest.c  >&5
/tmp/ccWCljy9.o: In function `main':
/work/SDL/conftest.c:120: undefined reference to `setjmp'
collect2: ld returned 1 exit status
configure:15957: $? = 1
configure: failed program was:
| /* confdefs.h */
| #define PACKAGE_NAME ""
| #define PACKAGE_TARNAME ""
| #define PACKAGE_VERSION ""
| #define PACKAGE_STRING ""
| #define PACKAGE_BUGREPORT ""
| #define PACKAGE_URL ""
| #define STDC_HEADERS 1
| #define HAVE_SYS_TYPES_H 1
| #define HAVE_SYS_STAT_H 1
| #define HAVE_STDLIB_H 1
| #define HAVE_STRING_H 1
| #define HAVE_MEMORY_H 1
| #define HAVE_STRINGS_H 1
| #define HAVE_INTTYPES_H 1
| #define HAVE_STDINT_H 1
| #define HAVE_UNISTD_H 1
| #define __EXTENSIONS__ 1
| #define _ALL_SOURCE 1
| #define _GNU_SOURCE 1
| #define _POSIX_PTHREAD_SEMANTICS 1
| #define _TANDEM_SOURCE 1
| #define HAVE_DLFCN_H 1
| #define LT_OBJDIR ".libs/"
| #define SDL_BYTEORDER 1234
| #define HAVE_LIBC 1
| #define STDC_HEADERS 1
| #define HAVE_SYS_TYPES_H 1
| #define HAVE_STDIO_H 1
| #define HAVE_STDLIB_H 1
| #define HAVE_STDDEF_H 1
| #define HAVE_STDARG_H 1
| #define HAVE_MALLOC_H 1
| #define HAVE_MEMORY_H 1
| #define HAVE_STRING_H 1
| #define HAVE_STRINGS_H 1
| #define HAVE_INTTYPES_H 1
| #define HAVE_STDINT_H 1
| #define HAVE_CTYPE_H 1
| #define HAVE_MATH_H 1
| #define HAVE_ICONV_H 1
| #define HAVE_SIGNAL_H 1
| #define SDL_HAS_64BIT_TYPE 1
| #define HAVE_ALLOCA 1
| #define HAVE_MPROTECT 1
| #define HAVE_MALLOC 1
| #define HAVE_CALLOC 1
| #define HAVE_REALLOC 1
| #define HAVE_FREE 1
| #define HAVE_GETENV 1
| #define HAVE_PUTENV 1
| #define HAVE_UNSETENV 1
| #define HAVE_QSORT 1
| #define HAVE_ABS 1
| #define HAVE_BCOPY 1
| #define HAVE_MEMSET 1
| #define HAVE_MEMCPY 1
| #define HAVE_MEMMOVE 1
| #define HAVE_STRLEN 1
| #define HAVE_STRLCPY 1
| #define HAVE_STRLCAT 1
| #define HAVE_STRDUP 1
| #define HAVE__STRUPR 1
| #define HAVE__STRLWR 1
| #define HAVE_STRCHR 1
| #define HAVE_STRRCHR 1
| #define HAVE_STRSTR 1
| #define HAVE_ITOA 1
| #define HAVE_STRTOL 1
| #define HAVE_STRTOUL 1
| #define HAVE_STRTOLL 1
| #define HAVE_STRTOULL 1
| #define HAVE_ATOI 1
| #define HAVE_ATOF 1
| #define HAVE_STRCMP 1
| #define HAVE_STRNCMP 1
| #define HAVE__STRICMP 1
| #define HAVE_STRCASECMP 1
| #define HAVE__STRNICMP 1
| #define HAVE_STRNCASECMP 1
| #define HAVE_SSCANF 1
| #define HAVE_SNPRINTF 1
| #define HAVE_VSNPRINTF 1
| #define HAVE_SIGACTION 1
| /* end confdefs.h.  */
| /* Define setjmp to an innocuous variant, in case <limits.h> declares setjmp.
|    For example, HP-UX 11i <limits.h> declares gettimeofday.  */
| #define setjmp innocuous_setjmp
| 
| /* System header to define __stub macros and hopefully few prototypes,
|     which can conflict with char setjmp (); below.
|     Prefer <limits.h> to <assert.h> if __STDC__ is defined, since
|     <limits.h> exists even on freestanding compilers.  */
| 
| #ifdef __STDC__
| # include <limits.h>
| #else
| # include <assert.h>
| #endif
| 
| #undef setjmp
| 
| /* Override any GCC internal prototype to avoid an error.
|    Use char because int might match the return type of a GCC
|    builtin and then its argument prototype would still apply.  */
| #ifdef __cplusplus
| extern "C"
| #endif
| char setjmp ();
| /* The GNU C library defines this for functions which it implements
|     to always fail with ENOSYS.  Some functions are actually named
|     something starting with __ and the normal name is an alias.  */
| #if defined __stub_setjmp || defined __stub___setjmp
| choke me
| #endif
| 
| int
| main ()
| {
| return setjmp ();
|   ;
|   return 0;
| }
configure:15957: result: no
configure:15957: checking for nanosleep
configure:15957: arm-unknown-nto-qnx8.0.0eabi-gcc -o conftest -g -O2 -I./include -D_GNU_SOURCE=1 -D__PLAYBOOK__ -D__QNXNTO__ -DRAW_KEYBOARD_EVENTS -I/work/TouchControlOverlay/public -I./include -D_GNU_SOURCE=1 -L/work/external/lib -lscreen -lbps -lasound -lm -lEGL -lGLESv2 -lTouchControlOverlay  conftest.c  >&5
configure:15957: $? = 0
configure:15957: result: yes
configure:15967: checking for libiconv_open in -liconv
configure:15992: arm-unknown-nto-qnx8.0.0eabi-gcc -o conftest -g -O2 -I./include -D_GNU_SOURCE=1 -D__PLAYBOOK__ -D__QNXNTO__ -DRAW_KEYBOARD_EVENTS -I/work/TouchControlOverlay/public -I./include -D_GNU_SOURCE=1 -L/work/external/lib -lscreen -lbps -lasound -lm -lEGL -lGLESv2 -lTouchControlOverlay  conftest.c -liconv   >&5
configure:15992: $? = 0
configure:16001: result: yes
configure:16007: checking for pow in -lm
configure:16032: arm-unknown-nto-qnx8.0.0eabi-gcc -o conftest -g -O2 -I./include -D_GNU_SOURCE=1 -D__PLAYBOOK__ -D__QNXNTO__ -DRAW_KEYBOARD_EVENTS -I/work/TouchControlOverlay/public -I./include -D_GNU_SOURCE=1 -L/work/external/lib -lscreen -lbps -lasound -lm -lEGL -lGLESv2 -lTouchControlOverlay  conftest.c -lm   >&5
conftest.c:94:6: warning: conflicting types for built-in function 'pow' [enabled by default]
configure:16032: $? = 0
configure:16041: result: yes
configure:16743: checking touchcontroloverlay.h usability
configure:16743: arm-unknown-nto-qnx8.0.0eabi-gcc -c -g -O2 -I./include -D_GNU_SOURCE=1 -D__PLAYBOOK__ -D__QNXNTO__ -DRAW_KEYBOARD_EVENTS -I/work/TouchControlOverlay/public -I./include -D_GNU_SOURCE=1 conftest.c >&5
configure:16743: $? = 0
configure:16743: result: yes
configure:16743: checking touchcontroloverlay.h presence
configure:16743: arm-unknown-nto-qnx8.0.0eabi-gcc -E -D__PLAYBOOK__ -D__QNXNTO__ -DRAW_KEYBOARD_EVENTS -I/work/TouchControlOverlay/public -I./include -D_GNU_SOURCE=1 conftest.c
configure:16743: $? = 0
configure:16743: result: yes
configure:16743: checking for touchcontroloverlay.h
configure:16743: result: yes
configure:16746: checking for tco_initialize in -lTouchControlOverlay
configure:16771: arm-unknown-nto-qnx8.0.0eabi-gcc -o conftest -g -O2 -I./include -D_GNU_SOURCE=1 -D__PLAYBOOK__ -D__QNXNTO__ -DRAW_KEYBOARD_EVENTS -I/work/TouchControlOverlay/public -I./include -D_GNU_SOURCE=1 -L/work/external/lib -lscreen -lbps -lasound -lm -lEGL -lGLESv2 -lTouchControlOverlay  conftest.c -lTouchControlOverlay   >&5
configure:16771: $? = 0
configure:16780: result: yes
configure:20810: checking for dlopen
configure:20830: arm-unknown-nto-qnx8.0.0eabi-gcc -c -g -O2 -I./include -D_GNU_SOURCE=1 -D__PLAYBOOK__ -D__QNXNTO__ -DRAW_KEYBOARD_EVENTS -I/work/TouchControlOverlay/public -I./include -D_GNU_SOURCE=1 conftest.c >&5
configure:20830: $? = 0
configure:20836: result: yes
configure:20840: checking for dlopen in -lc
configure:20865: arm-unknown-nto-qnx8.0.0eabi-gcc -o conftest -g -O2 -I./include -D_GNU_SOURCE=1 -D__PLAYBOOK__ -D__QNXNTO__ -DRAW_KEYBOARD_EVENTS -I/work/TouchControlOverlay/public -I./include -D_GNU_SOURCE=1 -L/work/external/lib -lscreen -lbps -lasound -lm -lEGL -lGLESv2 -lTouchControlOverlay  conftest.c -lc   >&5
configure:20865: $? = 0
configure:20874: result: yes
configure:17401: checking audio/audiolib.h usability
configure:17401: arm-unknown-nto-qnx8.0.0eabi-gcc -c -g -O2 -I./include -D_GNU_SOURCE=1 -D__PLAYBOOK__ -D__QNXNTO__ -DRAW_KEYBOARD_EVENTS -I/work/TouchControlOverlay/public -I./include -D_GNU_SOURCE=1 conftest.c >&5
conftest.c:126:28: fatal error: audio/audiolib.h: No such file or directory
compilation terminated.
configure:17401: $? = 1
configure: failed program was:
| /* confdefs.h */
| #define PACKAGE_NAME ""
| #define PACKAGE_TARNAME ""
| #define PACKAGE_VERSION ""
| #define PACKAGE_STRING ""
| #define PACKAGE_BUGREPORT ""
| #define PACKAGE_URL ""
| #define STDC_HEADERS 1
| #define HAVE_SYS_TYPES_H 1
| #define HAVE_SYS_STAT_H 1
| #define HAVE_STDLIB_H 1
| #define HAVE_STRING_H 1
| #define HAVE_MEMORY_H 1
| #define HAVE_STRINGS_H 1
| #define HAVE_INTTYPES_H 1
| #define HAVE_STDINT_H 1
| #define HAVE_UNISTD_H 1
| #define __EXTENSIONS__ 1
| #define _ALL_SOURCE 1
| #define _GNU_SOURCE 1
| #define _POSIX_PTHREAD_SEMANTICS 1
| #define _TANDEM_SOURCE 1
| #define HAVE_DLFCN_H 1
| #define LT_OBJDIR ".libs/"
| #define SDL_BYTEORDER 1234
| #define HAVE_LIBC 1
| #define STDC_HEADERS 1
| #define HAVE_SYS_TYPES_H 1
| #define HAVE_STDIO_H 1
| #define HAVE_STDLIB_H 1
| #define HAVE_STDDEF_H 1
| #define HAVE_STDARG_H 1
| #define HAVE_MALLOC_H 1
| #define HAVE_MEMORY_H 1
| #define HAVE_STRING_H 1
| #define HAVE_STRINGS_H 1
| #define HAVE_INTTYPES_H 1
| #define HAVE_STDINT_H 1
| #define HAVE_CTYPE_H 1
| #define HAVE_MATH_H 1
| #define HAVE_ICONV_H 1
| #define HAVE_SIGNAL_H 1
| #define SDL_HAS_64BIT_TYPE 1
| #define HAVE_ALLOCA 1
| #define HAVE_MPROTECT 1
| #define HAVE_MALLOC 1
| #define HAVE_CALLOC 1
| #define HAVE_REALLOC 1
| #define HAVE_FREE 1
| #define HAVE_GETENV 1
| #define HAVE_PUTENV 1
| #define HAVE_UNSETENV 1
| #define HAVE_QSORT 1
| #define HAVE_ABS 1
| #define HAVE_BCOPY 1
| #define HAVE_MEMSET 1
| #define HAVE_MEMCPY 1
| #define HAVE_MEMMOVE 1
| #define HAVE_STRLEN 1
| #define HAVE_STRLCPY 1
| #define HAVE_STRLCAT 1
| #define HAVE_STRDUP 1
| #define HAVE__STRUPR 1
| #define HAVE__STRLWR 1
| #define HAVE_STRCHR 1
| #define HAVE_STRRCHR 1
| #define HAVE_STRSTR 1
| #define HAVE_ITOA 1
| #define HAVE_STRTOL 1
| #define HAVE_STRTOUL 1
| #define HAVE_STRTOLL 1
| #define HAVE_STRTOULL 1
| #define HAVE_ATOI 1
| #define HAVE_ATOF 1
| #define HAVE_STRCMP 1
| #define HAVE_STRNCMP 1
| #define HAVE__STRICMP 1
| #define HAVE_STRCASECMP 1
| #define HAVE__STRNICMP 1
| #define HAVE_STRNCASECMP 1
| #define HAVE_SSCANF 1
| #define HAVE_SNPRINTF 1
| #define HAVE_VSNPRINTF 1
| #define HAVE_SIGACTION 1
| #define HAVE_NANOSLEEP 1
| #define SDL_ASSEMBLY_ROUTINES 1
| #define SDL_VIDEO_DISABLE_SCREENSAVER 1
| #define SDL_VIDEO_DRIVER_DUMMY 1
| #define SDL_AUDIO_DRIVER_DISK 1
| #define SDL_AUDIO_DRIVER_DUMMY 1
| #define SDL_LOADSO_DLOPEN 1
| /* end confdefs.h.  */
| #include <stdio.h>
| #ifdef HAVE_SYS_TYPES_H
| # include <sys/types.h>
| #endif
| #ifdef HAVE_SYS_STAT_H
| # include <sys/stat.h>
| #endif
| #ifdef STDC_HEADERS
| # include <stdlib.h>
| # include <stddef.h>
| #else
| # ifdef HAVE_STDLIB_H
| #  include <stdlib.h>
| # endif
| #endif
| #ifdef HAVE_STRING_H
| # if !defined STDC_HEADERS && defined HAVE_MEMORY_H
| #  include <memory.h>
| # endif
| # include <string.h>
| #endif
| #ifdef HAVE_STRINGS_H
| # include <strings.h>
| #endif
| #ifdef HAVE_INTTYPES_H
| # include <inttypes.h>
| #endif
| #ifdef HAVE_STDINT_H
| # include <stdint.h>
| #endif
| #ifdef HAVE_UNISTD_H
| # include <unistd.h>
| #endif
| #include <audio/audiolib.h>
configure:17401: result: no
configure:17401: checking audio/audiolib.h presence
configure:17401: arm-unknown-nto-qnx8.0.0eabi-gcc -E -D__PLAYBOOK__ -D__QNXNTO__ -DRAW_KEYBOARD_EVENTS -I/work/TouchControlOverlay/public -I./include -D_GNU_SOURCE=1 conftest.c
conftest.c:93:28: fatal error: audio/audiolib.h: No such file or directory
compilation terminated.
configure:17401: $? = 1
configure: failed program was:
| /* confdefs.h */
| #define PACKAGE_NAME ""
| #define PACKAGE_TARNAME ""
| #define PACKAGE_VERSION ""
| #define PACKAGE_STRING ""
| #define PACKAGE_BUGREPORT ""
| #define PACKAGE_URL ""
| #define STDC_HEADERS 1
| #define HAVE_SYS_TYPES_H 1
| #define HAVE_SYS_STAT_H 1
| #define HAVE_STDLIB_H 1
| #define HAVE_STRING_H 1
| #define HAVE_MEMORY_H 1
| #define HAVE_STRINGS_H 1
| #define HAVE_INTTYPES_H 1
| #define HAVE_STDINT_H 1
| #define HAVE_UNISTD_H 1
| #define __EXTENSIONS__ 1
| #define _ALL_SOURCE 1
| #define _GNU_SOURCE 1
| #define _POSIX_PTHREAD_SEMANTICS 1
| #define _TANDEM_SOURCE 1
| #define HAVE_DLFCN_H 1
| #define LT_OBJDIR ".libs/"
| #define SDL_BYTEORDER 1234
| #define HAVE_LIBC 1
| #define STDC_HEADERS 1
| #define HAVE_SYS_TYPES_H 1
| #define HAVE_STDIO_H 1
| #define HAVE_STDLIB_H 1
| #define HAVE_STDDEF_H 1
| #define HAVE_STDARG_H 1
| #define HAVE_MALLOC_H 1
| #define HAVE_MEMORY_H 1
| #define HAVE_STRING_H 1
| #define HAVE_STRINGS_H 1
| #define HAVE_INTTYPES_H 1
| #define HAVE_STDINT_H 1
| #define HAVE_CTYPE_H 1
| #define HAVE_MATH_H 1
| #define HAVE_ICONV_H 1
| #define HAVE_SIGNAL_H 1
| #define SDL_HAS_64BIT_TYPE 1
| #define HAVE_ALLOCA 1
| #define HAVE_MPROTECT 1
| #define HAVE_MALLOC 1
| #define HAVE_CALLOC 1
| #define HAVE_REALLOC 1
| #define HAVE_FREE 1
| #define HAVE_GETENV 1
| #define HAVE_PUTENV 1
| #define HAVE_UNSETENV 1
| #define HAVE_QSORT 1
| #define HAVE_ABS 1
| #define HAVE_BCOPY 1
| #define HAVE_MEMSET 1
| #define HAVE_MEMCPY 1
| #define HAVE_MEMMOVE 1
| #define HAVE_STRLEN 1
| #define HAVE_STRLCPY 1
| #define HAVE_STRLCAT 1
| #define HAVE_STRDUP 1
| #define HAVE__STRUPR 1
| #define HAVE__STRLWR 1
| #define HAVE_STRCHR 1
| #define HAVE_STRRCHR 1
| #define HAVE_STRSTR 1
| #define HAVE_ITOA 1
| #define HAVE_STRTOL 1
| #define HAVE_STRTOUL 1
| #define HAVE_STRTOLL 1
| #define HAVE_STRTOULL 1
| #define HAVE_ATOI 1
| #define HAVE_ATOF 1
| #define HAVE_STRCMP 1
| #define HAVE_STRNCMP 1
| #define HAVE__STRICMP 1
| #define HAVE_STRCASECMP 1
| #define HAVE__STRNICMP 1
| #define HAVE_STRNCASECMP 1
| #define HAVE_SSCANF 1
| #define HAVE_SNPRINTF 1
| #define HAVE_VSNPRINTF 1
| #define HAVE_SIGACTION 1
| #define HAVE_NANOSLEEP 1
| #define SDL_ASSEMBLY_ROUTINES 1
| #define SDL_VIDEO_DISABLE_SCREENSAVER 1
| #define SDL_VIDEO_DRIVER_DUMMY 1
| #define SDL_AUDIO_DRIVER_DISK 1
| #define SDL_AUDIO_DRIVER_DUMMY 1
| #define SDL_LOADSO_DLOPEN 1
| /* end confdefs.h.  */
| #include <audio/audiolib.h>
configure:17401: result: no
configure:17401: checking for audio/audiolib.h
configure:17401: result: no
configure:17407: checking for AuOpenServer in -laudio
configure:17432: arm-unknown-nto-qnx8.0.0eabi-gcc -o conftest -g -O2 -I./include -D_GNU_SOURCE=1 -D__PLAYBOOK__ -D__QNXNTO__ -DRAW_KEYBOARD_EVENTS -I/work/TouchControlOverlay/public -I./include -D_GNU_SOURCE=1 -L/work/external/lib -lscreen -lbps -lasound -lm -lEGL -lGLESv2 -lTouchControlOverlay  conftest.c -laudio   >&5
/home/admin/bin/bbndk/host_10_3_1_12/linux/x86/usr/bin/ntoarm-ld: cannot find -laudio
collect2: ld returned 1 exit status
configure:17432: $? = 1
configure: failed program was:
| /* confdefs.h */
| #define PACKAGE_NAME ""
| #define PACKAGE_TARNAME ""
| #define PACKAGE_VERSION ""
| #define PACKAGE_STRING ""
| #define PACKAGE_BUGREPORT ""
| #define PACKAGE_URL ""
| #define STDC_HEADERS 1
| #define HAVE_SYS_TYPES_H 1
| #define HAVE_SYS_STAT_H 1
| #define HAVE_STDLIB_H 1
| #define HAVE_STRING_H 1
| #define HAVE_MEMORY_H 1
| #define HAVE_STRINGS_H 1
| #define HAVE_INTTYPES_H 1
| #define HAVE_STDINT_H 1
| #define HAVE_UNISTD_H 1
| #define __EXTENSIONS__ 1
| #define _ALL_SOURCE 1
| #define _GNU_SOURCE 1
| #define _POSIX_PTHREAD_SEMANTICS 1
| #define _TANDEM_SOURCE 1
| #define HAVE_DLFCN_H 1
| #define LT_OBJDIR ".libs/"
| #define SDL_BYTEORDER 1234
| #define HAVE_LIBC 1
| #define STDC_HEADERS 1
| #define HAVE_SYS_TYPES_H 1
| #define HAVE_STDIO_H 1
| #define HAVE_STDLIB_H 1
| #define HAVE_STDDEF_H 1
| #define HAVE_STDARG_H 1
| #define HAVE_MALLOC_H 1
| #define HAVE_MEMORY_H 1
| #define HAVE_STRING_H 1
| #define HAVE_STRINGS_H 1
| #define HAVE_INTTYPES_H 1
| #define HAVE_STDINT_H 1
| #define HAVE_CTYPE_H 1
| #define HAVE_MATH_H 1
| #define HAVE_ICONV_H 1
| #define HAVE_SIGNAL_H 1
| #define SDL_HAS_64BIT_TYPE 1
| #define HAVE_ALLOCA 1
| #define HAVE_MPROTECT 1
| #define HAVE_MALLOC 1
| #define HAVE_CALLOC 1
| #define HAVE_REALLOC 1
| #define HAVE_FREE 1
| #define HAVE_GETENV 1
| #define HAVE_PUTENV 1
| #define HAVE_UNSETENV 1
| #define HAVE_QSORT 1
| #define HAVE_ABS 1
| #define HAVE_BCOPY 1
| #define HAVE_MEMSET 1
| #define HAVE_MEMCPY 1
| #define HAVE_MEMMOVE 1
| #define HAVE_STRLEN 1
| #define HAVE_STRLCPY 1
| #define HAVE_STRLCAT 1
| #define HAVE_STRDUP 1
| #define HAVE__STRUPR 1
| #define HAVE__STRLWR 1
| #define HAVE_STRCHR 1
| #define HAVE_STRRCHR 1
| #define HAVE_STRSTR 1
| #define HAVE_ITOA 1
| #define HAVE_STRTOL 1
| #define HAVE_STRTOUL 1
| #define HAVE_STRTOLL 1
| #define HAVE_STRTOULL 1
| #define HAVE_ATOI 1
| #define HAVE_ATOF 1
| #define HAVE_STRCMP 1
| #define HAVE_STRNCMP 1
| #define HAVE__STRICMP 1
| #define HAVE_STRCASECMP 1
| #define HAVE__STRNICMP 1
| #define HAVE_STRNCASECMP 1
| #define HAVE_SSCANF 1
| #define HAVE_SNPRINTF 1
| #define HAVE_VSNPRINTF 1
| #define HAVE_SIGACTION 1
| #define HAVE_NANOSLEEP 1
| #define SDL_ASSEMBLY_ROUTINES 1
| #define SDL_VIDEO_DISABLE_SCREENSAVER 1
| #define SDL_VIDEO_DRIVER_DUMMY 1
| #define SDL_AUDIO_DRIVER_DISK 1
| #define SDL_AUDIO_DRIVER_DUMMY 1
| #define SDL_LOADSO_DLOPEN 1
| /* end confdefs.h.  */
| 
| /* Override any GCC internal prototype to avoid an error.
|    Use char because int might match the return type of a GCC
|    builtin and then its argument prototype would still apply.  */
| #ifdef __cplusplus
| extern "C"
| #endif
| char AuOpenServer ();
| int
| main ()
| {
| return AuOpenServer ();
|   ;
|   return 0;
| }
configure:17441: result: no
configure:17448: checking for NAS audio support
configure:17467: result: no
configure:19032: checking for QNX Photon support
configure:19053: arm-unknown-nto-qnx8.0.0eabi-gcc -c -g -O2 -I./include -D_GNU_SOURCE=1 -D__PLAYBOOK__ -D__QNXNTO__ -DRAW_KEYBOARD_EVENTS -I/work/TouchControlOverlay/public -I./include -D_GNU_SOURCE=1 conftest.c >&5
conftest.c:94:26: fatal error: Ph.h: No such file or directory
compilation terminated.
configure:19053: $? = 1
configure: failed program was:
| /* confdefs.h */
| #define PACKAGE_NAME ""
| #define PACKAGE_TARNAME ""
| #define PACKAGE_VERSION ""
| #define PACKAGE_STRING ""
| #define PACKAGE_BUGREPORT ""
| #define PACKAGE_URL ""
| #define STDC_HEADERS 1
| #define HAVE_SYS_TYPES_H 1
| #define HAVE_SYS_STAT_H 1
| #define HAVE_STDLIB_H 1
| #define HAVE_STRING_H 1
| #define HAVE_MEMORY_H 1
| #define HAVE_STRINGS_H 1
| #define HAVE_INTTYPES_H 1
| #define HAVE_STDINT_H 1
| #define HAVE_UNISTD_H 1
| #define __EXTENSIONS__ 1
| #define _ALL_SOURCE 1
| #define _GNU_SOURCE 1
| #define _POSIX_PTHREAD_SEMANTICS 1
| #define _TANDEM_SOURCE 1
| #define HAVE_DLFCN_H 1
| #define LT_OBJDIR ".libs/"
| #define SDL_BYTEORDER 1234
| #define HAVE_LIBC 1
| #define STDC_HEADERS 1
| #define HAVE_SYS_TYPES_H 1
| #define HAVE_STDIO_H 1
| #define HAVE_STDLIB_H 1
| #define HAVE_STDDEF_H 1
| #define HAVE_STDARG_H 1
| #define HAVE_MALLOC_H 1
| #define HAVE_MEMORY_H 1
| #define HAVE_STRING_H 1
| #define HAVE_STRINGS_H 1
| #define HAVE_INTTYPES_H 1
| #define HAVE_STDINT_H 1
| #define HAVE_CTYPE_H 1
| #define HAVE_MATH_H 1
| #define HAVE_ICONV_H 1
| #define HAVE_SIGNAL_H 1
| #define SDL_HAS_64BIT_TYPE 1
| #define HAVE_ALLOCA 1
| #define HAVE_MPROTECT 1
| #define HAVE_MALLOC 1
| #define HAVE_CALLOC 1
| #define HAVE_REALLOC 1
| #define HAVE_FREE 1
| #define HAVE_GETENV 1
| #define HAVE_PUTENV 1
| #define HAVE_UNSETENV 1
| #define HAVE_QSORT 1
| #define HAVE_ABS 1
| #define HAVE_BCOPY 1
| #define HAVE_MEMSET 1
| #define HAVE_MEMCPY 1
| #define HAVE_MEMMOVE 1
| #define HAVE_STRLEN 1
| #define HAVE_STRLCPY 1
| #define HAVE_STRLCAT 1
| #define HAVE_STRDUP 1
| #define HAVE__STRUPR 1
| #define HAVE__STRLWR 1
| #define HAVE_STRCHR 1
| #define HAVE_STRRCHR 1
| #define HAVE_STRSTR 1
| #define HAVE_ITOA 1
| #define HAVE_STRTOL 1
| #define HAVE_STRTOUL 1
| #define HAVE_STRTOLL 1
| #define HAVE_STRTOULL 1
| #define HAVE_ATOI 1
| #define HAVE_ATOF 1
| #define HAVE_STRCMP 1
| #define HAVE_STRNCMP 1
| #define HAVE__STRICMP 1
| #define HAVE_STRCASECMP 1
| #define HAVE__STRNICMP 1
| #define HAVE_STRNCASECMP 1
| #define HAVE_SSCANF 1
| #define HAVE_SNPRINTF 1
| #define HAVE_VSNPRINTF 1
| #define HAVE_SIGACTION 1
| #define HAVE_NANOSLEEP 1
| #define SDL_ASSEMBLY_ROUTINES 1
| #define SDL_VIDEO_DISABLE_SCREENSAVER 1
| #define SDL_VIDEO_DRIVER_DUMMY 1
| #define SDL_AUDIO_DRIVER_DISK 1
| #define SDL_AUDIO_DRIVER_DUMMY 1
| #define SDL_LOADSO_DLOPEN 1
| /* end confdefs.h.  */
| 
|           #include <Ph.h>
|           #include <Pt.h>
|           #include <photon/Pg.h>
|           #include <photon/PdDirect.h>
| 
| int
| main ()
| {
| 
|          PgDisplaySettings_t *visual;
| 
|   ;
|   return 0;
| }
configure:19059: result: no
configure:18046: checking for X
configure:18224: result: disabled
configure:20050: checking for OpenGL (GLX) support
configure:20069: arm-unknown-nto-qnx8.0.0eabi-gcc -c -g -O2 -I./include -D_GNU_SOURCE=1 -D__PLAYBOOK__ -D__QNXNTO__ -DRAW_KEYBOARD_EVENTS -I/work/TouchControlOverlay/public -I./include -D_GNU_SOURCE=1 conftest.c >&5
conftest.c:96:28: fatal error: GL/gl.h: No such file or directory
compilation terminated.
configure:20069: $? = 1
configure: failed program was:
| /* confdefs.h */
| #define PACKAGE_NAME ""
| #define PACKAGE_TARNAME ""
| #define PACKAGE_VERSION ""
| #define PACKAGE_STRING ""
| #define PACKAGE_BUGREPORT ""
| #define PACKAGE_URL ""
| #define STDC_HEADERS 1
| #define HAVE_SYS_TYPES_H 1
| #define HAVE_SYS_STAT_H 1
| #define HAVE_STDLIB_H 1
| #define HAVE_STRING_H 1
| #define HAVE_MEMORY_H 1
| #define HAVE_STRINGS_H 1
| #define HAVE_INTTYPES_H 1
| #define HAVE_STDINT_H 1
| #define HAVE_UNISTD_H 1
| #define __EXTENSIONS__ 1
| #define _ALL_SOURCE 1
| #define _GNU_SOURCE 1
| #define _POSIX_PTHREAD_SEMANTICS 1
| #define _TANDEM_SOURCE 1
| #define HAVE_DLFCN_H 1
| #define LT_OBJDIR ".libs/"
| #define SDL_BYTEORDER 1234
| #define HAVE_LIBC 1
| #define STDC_HEADERS 1
| #define HAVE_SYS_TYPES_H 1
| #define HAVE_STDIO_H 1
| #define HAVE_STDLIB_H 1
| #define HAVE_STDDEF_H 1
| #define HAVE_STDARG_H 1
| #define HAVE_MALLOC_H 1
| #define HAVE_MEMORY_H 1
| #define HAVE_STRING_H 1
| #define HAVE_STRINGS_H 1
| #define HAVE_INTTYPES_H 1
| #define HAVE_STDINT_H 1
| #define HAVE_CTYPE_H 1
| #define HAVE_MATH_H 1
| #define HAVE_ICONV_H 1
| #define HAVE_SIGNAL_H 1
| #define SDL_HAS_64BIT_TYPE 1
| #define HAVE_ALLOCA 1
| #define HAVE_MPROTECT 1
| #define HAVE_MALLOC 1
| #define HAVE_CALLOC 1
| #define HAVE_REALLOC 1
| #define HAVE_FREE 1
| #define HAVE_GETENV 1
| #define HAVE_PUTENV 1
| #define HAVE_UNSETENV 1
| #define HAVE_QSORT 1
| #define HAVE_ABS 1
| #define HAVE_BCOPY 1
| #define HAVE_MEMSET 1
| #define HAVE_MEMCPY 1
| #define HAVE_MEMMOVE 1
| #define HAVE_STRLEN 1
| #define HAVE_STRLCPY 1
| #define HAVE_STRLCAT 1
| #define HAVE_STRDUP 1
| #define HAVE__STRUPR 1
| #define HAVE__STRLWR 1
| #define HAVE_STRCHR 1
| #define HAVE_STRRCHR 1
| #define HAVE_STRSTR 1
| #define HAVE_ITOA 1
| #define HAVE_STRTOL 1
| #define HAVE_STRTOUL 1
| #define HAVE_STRTOLL 1
| #define HAVE_STRTOULL 1
| #define HAVE_ATOI 1
| #define HAVE_ATOF 1
| #define HAVE_STRCMP 1
| #define HAVE_STRNCMP 1
| #define HAVE__STRICMP 1
| #define HAVE_STRCASECMP 1
| #define HAVE__STRNICMP 1
| #define HAVE_STRNCASECMP 1
| #define HAVE_SSCANF 1
| #define HAVE_SNPRINTF 1
| #define HAVE_VSNPRINTF 1
| #define HAVE_SIGACTION 1
| #define HAVE_NANOSLEEP 1
| #define SDL_ASSEMBLY_ROUTINES 1
| #define SDL_VIDEO_DISABLE_SCREENSAVER 1
| #define SDL_VIDEO_DRIVER_DUMMY 1
| #define SDL_AUDIO_DRIVER_DISK 1
| #define SDL_AUDIO_DRIVER_DUMMY 1
| #define SDL_LOADSO_DLOPEN 1
| #define SDL_VIDEO_DRIVER_PLAYBOOK 1
| #define X_DISPLAY_MISSING 1
| /* end confdefs.h.  */
| 
|          #include <GL/gl.h>
|          #include <GL/glx.h>
|          #include <GL/glu.h>
| 
| int
| main ()
| {
| 
| 
|   ;
|   return 0;
| }
configure:20075: result: no
configure:20543: checking for pthreads
configure:20562: arm-unknown-nto-qnx8.0.0eabi-gcc -o conftest -g -O2 -I./include -D_GNU_SOURCE=1  -D__PLAYBOOK__ -D__QNXNTO__ -DRAW_KEYBOARD_EVENTS -I/work/TouchControlOverlay/public -I./include -D_GNU_SOURCE=1 -L/work/external/lib -lscreen -lbps -lasound -lm -lEGL -lGLESv2 -lTouchControlOverlay  conftest.c   >&5
configure:20562: $? = 0
configure:20569: result: yes
configure:20589: checking for recursive mutexes
configure:20609: arm-unknown-nto-qnx8.0.0eabi-gcc -c -g -O2 -I./include -D_GNU_SOURCE=1  -D__PLAYBOOK__ -D__QNXNTO__ -DRAW_KEYBOARD_EVENTS -I/work/TouchControlOverlay/public -I./include -D_GNU_SOURCE=1 conftest.c >&5
configure:20609: $? = 0
configure:20644: result: yes
configure:20649: checking for pthread semaphores
configure:20667: arm-unknown-nto-qnx8.0.0eabi-gcc -c -g -O2 -I./include -D_GNU_SOURCE=1  -D__PLAYBOOK__ -D__QNXNTO__ -DRAW_KEYBOARD_EVENTS -I/work/TouchControlOverlay/public -I./include -D_GNU_SOURCE=1 conftest.c >&5
configure:20667: $? = 0
configure:20673: result: yes
configure:22233: creating ./config.status

## ---------------------- ##
## Running config.status. ##
## ---------------------- ##

This file was extended by config.status, which was
generated by GNU Autoconf 2.68.  Invocation command line was

  CONFIG_FILES    = 
  CONFIG_HEADERS  = 
  CONFIG_LINKS    = 
  CONFIG_COMMANDS = 
  $ ./config.status 

on 62a8cb791801

config.status:1244: creating Makefile
config.status:1244: creating sdl-config
config.status:1244: creating SDL.spec
config.status:1244: creating SDL.qpg
config.status:1244: creating sdl.pc
config.status:1244: creating include/SDL_config.h
config.status:1433: executing libtool commands
config.status:1433: executing default commands

## ---------------- ##
## Cache variables. ##
## ---------------- ##

ac_cv_build=x86_64-unknown-linux-gnu
ac_cv_c_bigendian=no
ac_cv_c_compiler_gnu=yes
ac_cv_c_const=yes
ac_cv_c_inline=inline
ac_cv_c_volatile=yes
ac_cv_cxx_compiler_gnu=yes
ac_cv_env_CCC_set=
ac_cv_env_CCC_value=
ac_cv_env_CC_set=
ac_cv_env_CC_value=
ac_cv_env_CFLAGS_set=set
ac_cv_env_CFLAGS_value='-g -O2'
ac_cv_env_CPPFLAGS_set=set
ac_cv_env_CPPFLAGS_value='-D__PLAYBOOK__ -D__QNXNTO__ -DRAW_KEYBOARD_EVENTS -I/work/TouchControlOverlay/public'
ac_cv_env_CPP_set=
ac_cv_env_CPP_value=
ac_cv_env_CXXCPP_set=
ac_cv_env_CXXCPP_value=
ac_cv_env_CXXFLAGS_set=
ac_cv_env_CXXFLAGS_value=
ac_cv_env_CXX_set=
ac_cv_env_CXX_value=
ac_cv_env_LDFLAGS_set=set
ac_cv_env_LDFLAGS_value='-L/work/external/lib -lscreen -lbps -lasound -lm -lEGL -lGLESv2 -lTouchControlOverlay'
ac_cv_env_LIBS_set=
ac_cv_env_LIBS_value=
ac_cv_env_XMKMF_set=
ac_cv_env_XMKMF_value=
ac_cv_env_build_alias_set=
ac_cv_env_build_alias_value=
ac_cv_env_host_alias_set=set
ac_cv_env_host_alias_value=arm-unknown-nto-qnx8.0.0eabi
ac_cv_env_target_alias_set=
ac_cv_env_target_alias_value=
ac_cv_func__i64toa=no
ac_cv_func__ltoa=no
ac_cv_func__stricmp=yes
ac_cv_func__strlwr=yes
ac_cv_func__strnicmp=yes
ac_cv_func__strrev=no
ac_cv_func__strupr=yes
ac_cv_func__ui64toa=no
ac_cv_func__uitoa=no
ac_cv_func__ultoa=no
ac_cv_func_abs=yes
ac_cv_func_alloca_works=yes
ac_cv_func_atof=yes
ac_cv_func_atoi=yes
ac_cv_func_bcopy=yes
ac_cv_func_calloc=yes
ac_cv_func_free=yes
ac_cv_func_getenv=yes
ac_cv_func_iconv=no
ac_cv_func_itoa=yes
ac_cv_func_malloc=yes
ac_cv_func_memcmp_working=no
ac_cv_func_memcpy=yes
ac_cv_func_memmove=yes
ac_cv_func_memset=yes
ac_cv_func_mprotect=yes
ac_cv_func_nanosleep=yes
ac_cv_func_pow=yes
ac_cv_func_putenv=yes
ac_cv_func_qsort=yes
ac_cv_func_realloc=yes
ac_cv_func_setjmp=no
ac_cv_func_sigaction=yes
ac_cv_func_snprintf=yes
ac_cv_func_sscanf=yes
ac_cv_func_strcasecmp=yes
ac_cv_func_strchr=yes
ac_cv_func_strcmp=yes
ac_cv_func_strdup=yes
ac_cv_func_strlcat=yes
ac_cv_func_strlcpy=yes
ac_cv_func_strlen=yes
ac_cv_func_strncasecmp=yes
ac_cv_func_strncmp=yes
ac_cv_func_strrchr=yes
ac_cv_func_strstr=yes
ac_cv_func_strtod=no
ac_cv_func_strtol=yes
ac_cv_func_strtoll=yes
ac_cv_func_strtoul=yes
ac_cv_func_strtoull=yes
ac_cv_func_unsetenv=yes
ac_cv_func_vsnprintf=yes
ac_cv_header_audio_audiolib_h=no
ac_cv_header_ctype_h=yes
ac_cv_header_dlfcn_h=yes
ac_cv_header_iconv_h=yes
ac_cv_header_inttypes_h=yes
ac_cv_header_malloc_h=yes
ac_cv_header_math_h=yes
ac_cv_header_memory_h=yes
ac_cv_header_minix_config_h=no
ac_cv_header_signal_h=yes
ac_cv_header_stdarg_h=yes
ac_cv_header_stdc=yes
ac_cv_header_stddef_h=yes
ac_cv_header_stdint_h=yes
ac_cv_header_stdio_h=yes
ac_cv_header_stdlib_h=yes
ac_cv_header_string_h=yes
ac_cv_header_strings_h=yes
ac_cv_header_sys_stat_h=yes
ac_cv_header_sys_types_h=yes
ac_cv_header_touchcontroloverlay_h=yes
ac_cv_header_unistd_h=yes
ac_cv_host=arm-unknown-nto-qnx8.0.0eabi
ac_cv_lib_TouchControlOverlay_tco_initialize=yes
ac_cv_lib_audio_AuOpenServer=no
ac_cv_lib_c_dlopen=yes
ac_cv_lib_iconv_libiconv_open=yes
ac_cv_lib_m_pow=yes
ac_cv_objext=o
ac_cv_path_EGREP='/bin/grep -E'
ac_cv_path_FGREP='/bin/grep -F'
ac_cv_path_GREP=/bin/grep
ac_cv_path_SED=/bin/sed
ac_cv_path_install='/usr/bin/install -c'
ac_cv_prog_AR=arm-unknown-nto-qnx8.0.0eabi-ar
ac_cv_prog_CC=arm-unknown-nto-qnx8.0.0eabi-gcc
ac_cv_prog_CPP='arm-unknown-nto-qnx8.0.0eabi-gcc -E'
ac_cv_prog_CXX=arm-unknown-nto-qnx8.0.0eabi-g++
ac_cv_prog_CXXCPP='arm-unknown-nto-qnx8.0.0eabi-g++ -E'
ac_cv_prog_OBJDUMP=arm-unknown-nto-qnx8.0.0eabi-objdump
ac_cv_prog_RANLIB=arm-unknown-nto-qnx8.0.0eabi-ranlib
ac_cv_prog_STRIP=arm-unknown-nto-qnx8.0.0eabi-strip
ac_cv_prog_cc_c89=
ac_cv_prog_cc_g=yes
ac_cv_prog_cxx_g=yes
ac_cv_prog_make_make_set=yes
ac_cv_safe_to_define___extensions__=yes
ac_cv_type_int64_t=yes
ac_cv_type_size_t=yes
ac_cv_working_alloca_h=no
lt_cv_deplibs_check_method=pass_all
lt_cv_file_magic_cmd='$MAGIC_CMD'
lt_cv_file_magic_test_file=
lt_cv_ld_reload_flag=-r
lt_cv_nm_interface='BSD nm'
lt_cv_objdir=.libs
lt_cv_path_LD=/home/admin/bin/bbndk/host_10_3_1_12/linux/x86/usr/bin/ntoarm-ld
lt_cv_path_LDCXX=/home/admin/bin/bbndk/host_10_3_1_12/linux/x86/usr/bin/ntoarm-ld
lt_cv_path_NM='/home/admin/bin/bbndk/host_10_3_1_12/linux/x86/usr/bin/arm-unknown-nto-qnx8.0.0eabi-nm -B'
lt_cv_prog_compiler_c_o=yes
lt_cv_prog_compiler_c_o_CXX=yes
lt_cv_prog_compiler_pic_works=yes
lt_cv_prog_compiler_pic_works_CXX=yes
lt_cv_prog_compiler_rtti_exceptions=no
lt_cv_prog_compiler_static_works=no
lt_cv_prog_compiler_static_works_CXX=no
lt_cv_prog_gnu_ld=yes
lt_cv_prog_gnu_ldcxx=yes
lt_cv_sys_global_symbol_pipe='sed -n -e '\''s/^.*[	 ]\([ABCDGIRSTW][ABCDGIRSTW]*\)[	 ][	 ]*\([_A-Za-z][_A-Za-z0-9]*\)$/\1 \2 \2/p'\'''
lt_cv_sys_global_symbol_to_c_name_address='sed -n -e '\''s/^: \([^ ]*\) $/  {\"\1\", (void *) 0},/p'\'' -e '\''s/^[ABCDGIRSTW]* \([^ ]*\) \([^ ]*\)$/  {"\2", (void *) \&\2},/p'\'''
lt_cv_sys_global_symbol_to_c_name_address_lib_prefix='sed -n -e '\''s/^: \([^ ]*\) $/  {\"\1\", (void *) 0},/p'\'' -e '\''s/^[ABCDGIRSTW]* \([^ ]*\) \(lib[^ ]*\)$/  {"\2", (void *) \&\2},/p'\'' -e '\''s/^[ABCDGIRSTW]* \([^ ]*\) \([^ ]*\)$/  {"lib\2", (void *) \&\2},/p'\'''
lt_cv_sys_global_symbol_to_cdecl='sed -n -e '\''s/^T .* \(.*\)$/extern int \1();/p'\'' -e '\''s/^[ABCDGIRSTW]* .* \(.*\)$/extern char \1;/p'\'''
lt_cv_sys_max_cmd_len=1572864

## ----------------- ##
## Output variables. ##
## ----------------- ##

ALLOCA=''
ALSA_CFLAGS=''
ALSA_LIBS=''
AR='arm-unknown-nto-qnx8.0.0eabi-ar'
ARTSCONFIG=''
AS='as'
BUILD_CFLAGS='-g -O2 -D__PLAYBOOK__ -D__QNXNTO__ -DRAW_KEYBOARD_EVENTS -I/work/TouchControlOverlay/public'
BUILD_LDFLAGS='-L/work/external/lib -lscreen -lbps -lasound -lm -lEGL -lGLESv2 -lTouchControlOverlay'
CACACONFIG=''
CC='arm-unknown-nto-qnx8.0.0eabi-gcc'
CFLAGS='-g -O2 -I./include -D_GNU_SOURCE=1'
CPP='arm-unknown-nto-qnx8.0.0eabi-gcc -E'
CPPFLAGS='-D__PLAYBOOK__ -D__QNXNTO__ -DRAW_KEYBOARD_EVENTS -I/work/TouchControlOverlay/public -I./include -D_GNU_SOURCE=1'
CXX='arm-unknown-nto-qnx8.0.0eabi-g++'
CXXCPP='arm-unknown-nto-qnx8.0.0eabi-g++ -E'
CXXFLAGS='-g -O2'
DEFS='-DHAVE_CONFIG_H'
DIRECTFBCONFIG=''
DLLTOOL='dlltool'
DSYMUTIL=''
DUMPBIN=''
ECHO_C=''
ECHO_N='-n'
ECHO_T=''
EGREP='/bin/grep -E'
ENABLE_SHARED_FALSE='#'
ENABLE_SHARED_TRUE=''
ENABLE_STATIC_FALSE='#'
ENABLE_STATIC_TRUE=''
ESD_CFLAGS=''
ESD_CONFIG=''
ESD_LIBS=''
EXEEXT=''
EXTRA_CFLAGS='-I./include -D_GNU_SOURCE=1 '
EXTRA_LDFLAGS=' -lTouchControlOverlay  -lasound'
FGREP='/bin/grep -F'
GREP='/bin/grep'
INCLUDE='-I./include'
INSTALL_DATA='${INSTALL} -m 644'
INSTALL_PROGRAM='${INSTALL}'
INSTALL_SCRIPT='${INSTALL}'
LD='/home/admin/bin/bbndk/host_10_3_1_12/linux/x86/usr/bin/ntoarm-ld'
LDFLAGS='-L/work/external/lib -lscreen -lbps -lasound -lm -lEGL -lGLESv2 -lTouchControlOverlay '
LIBOBJS=' ${LIBOBJDIR}memcmp$U.o ${LIBOBJDIR}strtod$U.o'
LIBS=''
LIBTOOL='$(SHELL) $(top_builddir)/libtool'
LIPO=''
LN_S='ln -s'
LTLIBOBJS=' ${LIBOBJDIR}memcmp$U.lo ${LIBOBJDIR}strtod$U.lo'
LT_AGE='11'
LT_CURRENT='11'
LT_RELEASE='1.2'
LT_REVISION='3'
NASM=''
NASMFLAGS=''
NM='/home/admin/bin/bbndk/host_10_3_1_12/linux/x86/usr/bin/arm-unknown-nto-qnx8.0.0eabi-nm -B'
NMEDIT=''
OBJDUMP='arm-unknown-nto-qnx8.0.0eabi-objdump'
OBJECTS='$(objects)/SDL.lo $(objects)/SDL_error.lo $(objects)/SDL_fatal.lo $(objects)/SDL_audio.lo $(objects)/SDL_audiocvt.lo $(objects)/SDL_audiodev.lo $(objects)/SDL_mixer.lo $(objects)/SDL_mixer_MMX.lo $(objects)/SDL_mixer_MMX_VC.lo $(objects)/SDL_mixer_m68k.lo $(objects)/SDL_wave.lo $(objects)/SDL_cdrom.lo $(objects)/SDL_cpuinfo.lo $(objects)/SDL_active.lo $(objects)/SDL_events.lo $(objects)/SDL_expose.lo $(objects)/SDL_keyboard.lo $(objects)/SDL_mouse.lo $(objects)/SDL_quit.lo $(objects)/SDL_resize.lo $(objects)/SDL_rwops.lo $(objects)/SDL_getenv.lo $(objects)/SDL_iconv.lo $(objects)/SDL_malloc.lo $(objects)/SDL_qsort.lo $(objects)/SDL_stdlib.lo $(objects)/SDL_string.lo $(objects)/SDL_thread.lo $(objects)/SDL_timer.lo $(objects)/SDL_RLEaccel.lo $(objects)/SDL_blit.lo $(objects)/SDL_blit_0.lo $(objects)/SDL_blit_1.lo $(objects)/SDL_blit_A.lo $(objects)/SDL_blit_N.lo $(objects)/SDL_bmp.lo $(objects)/SDL_cursor.lo $(objects)/SDL_gamma.lo $(objects)/SDL_pixels.lo $(objects)/SDL_stretch.lo $(objects)/SDL_surface.lo $(objects)/SDL_video.lo $(objects)/SDL_yuv.lo $(objects)/SDL_yuv_mmx.lo $(objects)/SDL_yuv_sw.lo $(objects)/SDL_joystick.lo $(objects)/SDL_nullevents.lo $(objects)/SDL_nullmouse.lo $(objects)/SDL_nullvideo.lo $(objects)/SDL_diskaudio.lo $(objects)/SDL_dummyaudio.lo $(objects)/SDL_sysloadso.lo $(objects)/SDL_playbookevents.lo $(objects)/SDL_playbookhw.lo $(objects)/SDL_playbooktouch.lo $(objects)/SDL_playbookvideo.lo $(objects)/SDL_playbookvideo_8bit.lo $(objects)/SDL_playbookvideo_gl.lo $(objects)/SDL_playbookyuv.lo $(objects)/SDL_systhread.lo $(objects)/SDL_syssem.lo $(objects)/SDL_sysmutex.lo $(objects)/SDL_syscond.lo $(objects)/SDL_nto_audio.lo $(objects)/SDL_syscdrom.lo $(objects)/SDL_systimer.lo $(objects)/SDL_sysjoystick.lo'
OBJEXT='o'
OSMESA_CONFIG=''
OTOOL64=''
OTOOL=''
PACKAGE_BUGREPORT=''
PACKAGE_NAME=''
PACKAGE_STRING=''
PACKAGE_TARNAME=''
PACKAGE_URL=''
PACKAGE_VERSION=''
PATH_SEPARATOR=':'
PKG_CONFIG=''
POW_LIB=''
PTH_CONFIG=''
RANLIB='arm-unknown-nto-qnx8.0.0eabi-ranlib'
SDLMAIN_OBJECTS='$(objects)/SDL_dummy_main.o'
SDLMAIN_SOURCES='./src/main/dummy/*.c'
SDL_BINARY_AGE='14'
SDL_CFLAGS='-D_GNU_SOURCE=1 '
SDL_INTERFACE_AGE='3'
SDL_LIBS='-lSDL  '
SDL_MAJOR_VERSION='1'
SDL_MICRO_VERSION='14'
SDL_MINOR_VERSION='2'
SDL_RLD_FLAGS=''
SDL_STATIC_LIBS='-lSDL    -lTouchControlOverlay  -lasound'
SDL_VERSION='1.2.14'
SED='/bin/sed'
SET_MAKE=''
SHELL='/bin/bash'
SOURCES=' ./src/*.c ./src/audio/*.c ./src/cdrom/*.c ./src/cpuinfo/*.c ./src/events/*.c ./src/file/*.c ./src/stdlib/*.c ./src/thread/*.c ./src/timer/*.c ./src/video/*.c ./src/joystick/*.c ./src/video/dummy/*.c ./src/audio/disk/*.c ./src/audio/dummy/*.c ./src/loadso/dlopen/*.c ./src/video/playbook/*.c ./src/thread/pthread/SDL_systhread.c ./src/thread/pthread/SDL_syssem.c ./src/thread/pthread/SDL_sysmutex.c ./src/thread/pthread/SDL_syscond.c ./src/audio/nto/*.c ./src/cdrom/qnx/*.c ./src/timer/unix/*.c ./src/joystick/dummy/*.c'
STRIP='arm-unknown-nto-qnx8.0.0eabi-strip'
WINDRES=''
XMKMF=''
X_CFLAGS=''
X_EXTRA_LIBS=''
X_LIBS=''
X_PRE_LIBS=''
ac_aux_dir='build-scripts'
ac_ct_CC=''
ac_ct_CXX=''
ac_ct_DUMPBIN=''
bindir='${exec_prefix}/bin'
build='x86_64-unknown-linux-gnu'
build_alias=''
build_cpu='x86_64'
build_os='linux-gnu'
build_vendor='unknown'
datadir='${datarootdir}'
datarootdir='${prefix}/share'
docdir='${datarootdir}/doc/${PACKAGE}'
dvidir='${docdir}'
exec_prefix='${prefix}'
host='arm-unknown-nto-qnx8.0.0eabi'
host_alias='arm-unknown-nto-qnx8.0.0eabi'
host_cpu='arm'
host_os='nto-qnx8.0.0eabi'
host_vendor='unknown'
htmldir='${docdir}'
includedir='${prefix}/include'
infodir='${datarootdir}/info'
libdir='${exec_prefix}/lib'
libexecdir='${exec_prefix}/libexec'
localedir='${datarootdir}/locale'
localstatedir='${prefix}/var'
lt_ECHO='echo'
mandir='${datarootdir}/man'
oldincludedir='/usr/include'
pdfdir='${docdir}'
prefix='/usr/local'
program_transform_name='s,x,x,'
psdir='${docdir}'
sbindir='${exec_prefix}/sbin'
sharedstatedir='${prefix}/com'
sysconfdir='${prefix}/etc'
target_alias=''

## ----------- ##
## confdefs.h. ##
## ----------- ##

/* confdefs.h */
#define PACKAGE_NAME ""
#define PACKAGE_TARNAME ""
#define PACKAGE_VERSION ""
#define PACKAGE_STRING ""
#define PACKAGE_BUGREPORT ""
#define PACKAGE_URL ""
#define STDC_HEADERS 1
#define HAVE_SYS_TYPES_H 1
#define HAVE_SYS_STAT_H 1
#define HAVE_STDLIB_H 1
#define HAVE_STRING_H 1
#define HAVE_MEMORY_H 1
#define HAVE_STRINGS_H 1
#define HAVE_INTTYPES_H 1
#define HAVE_STDINT_H 1
#define HAVE_UNISTD_H 1
#define __EXTENSIONS__ 1
#define _ALL_SOURCE 1
#define _GNU_SOURCE 1
#define _POSIX_PTHREAD_SEMANTICS 1
#define _TANDEM_SOURCE 1
#define HAVE_DLFCN_H 1
#define LT_OBJDIR ".libs/"
#define SDL_BYTEORDER 1234
#define HAVE_LIBC 1
#define STDC_HEADERS 1
#define HAVE_SYS_TYPES_H 1
#define HAVE_STDIO_H 1
#define HAVE_STDLIB_H 1
#define HAVE_STDDEF_H 1
#define HAVE_STDARG_H 1
#define HAVE_MALLOC_H 1
#define HAVE_MEMORY_H 1
#define HAVE_STRING_H 1
#define HAVE_STRINGS_H 1
#define HAVE_INTTYPES_H 1
#define HAVE_STDINT_H 1
#define HAVE_CTYPE_H 1
#define HAVE_MATH_H 1
#define HAVE_ICONV_H 1
#define HAVE_SIGNAL_H 1
#define SDL_HAS_64BIT_TYPE 1
#define HAVE_ALLOCA 1
#define HAVE_MPROTECT 1
#define HAVE_MALLOC 1
#define HAVE_CALLOC 1
#define HAVE_REALLOC 1
#define HAVE_FREE 1
#define HAVE_GETENV 1
#define HAVE_PUTENV 1
#define HAVE_UNSETENV 1
#define HAVE_QSORT 1
#define HAVE_ABS 1
#define HAVE_BCOPY 1
#define HAVE_MEMSET 1
#define HAVE_MEMCPY 1
#define HAVE_MEMMOVE 1
#define HAVE_STRLEN 1
#define HAVE_STRLCPY 1
#define HAVE_STRLCAT 1
#define HAVE_STRDUP 1
#define HAVE__STRUPR 1
#define HAVE__STRLWR 1
#define HAVE_STRCHR 1
#define HAVE_STRRCHR 1
#define HAVE_STRSTR 1
#define HAVE_ITOA 1
#define HAVE_STRTOL 1
#define HAVE_STRTOUL 1
#define HAVE_STRTOLL 1
#define HAVE_STRTOULL 1
#define HAVE_ATOI 1
#define HAVE_ATOF 1
#define HAVE_STRCMP 1
#define HAVE_STRNCMP 1
#define HAVE__STRICMP 1
#define HAVE_STRCASECMP 1
#define HAVE__STRNICMP 1
#define HAVE_STRNCASECMP 1
#define HAVE_SSCANF 1
#define HAVE_SNPRINTF 1
#define HAVE_VSNPRINTF 1
#define HAVE_SIGACTION 1
#define HAVE_NANOSLEEP 1
#define SDL_ASSEMBLY_ROUTINES 1
#define SDL_VIDEO_DISABLE_SCREENSAVER 1
#define SDL_VIDEO_DRIVER_DUMMY 1
#define SDL_AUDIO_DRIVER_DISK 1
#define SDL_AUDIO_DRIVER_DUMMY 1
#define SDL_LOADSO_DLOPEN 1
#define SDL_VIDEO_DRIVER_PLAYBOOK 1
#define X_DISPLAY_MISSING 1
#define SDL_THREAD_PTHREAD 1
#define SDL_THREAD_PTHREAD_RECURSIVE_MUTEX 1
#define SDL_AUDIO_DRIVER_QNXNTO 1
#define SDL_CDROM_QNX 1
#define SDL_TIMER_UNIX 1
#define SDL_JOYSTICK_DUMMY 1

configure: exit 0
